# Made in Blockbench 5.0.4
mtllib dml_judge.mtl

o wheel-default
v -0.9 0.33588625 -1.537720625
v -0.9 0.28911375 -1.537720625
v -0.9 0.3125 -1.53464125
v -0.9 0.357679375 -1.5467475
v -0.9 0.267320625 -1.5467475
v -0.9 0.376393125 -1.561106875
v -0.9 0.248606875 -1.561106875
v -0.9 0.3907525 -1.579820625
v -0.9 0.2342475 -1.579820625
v -0.9 0.399779375 -1.60161375
v -0.9 0.225220625 -1.60161375
v -0.9 0.40285875 -1.625
v -0.9 0.22214125 -1.625
v -0.9 0.399779375 -1.64838625
v -0.9 0.225220625 -1.64838625
v -0.9 0.3907525 -1.670179375
v -0.9 0.2342475 -1.670179375
v -0.9 0.376393125 -1.6888931249999999
v -0.9 0.248606875 -1.6888931249999999
v -0.9 0.357679375 -1.7032525
v -0.9 0.267320625 -1.7032525
v -0.9 0.33588625 -1.712279375
v -0.9 0.28911375 -1.712279375
v -0.9 0.3125 -1.71535875
v -0.95 0.37273875 -1.729336875
v -0.95 0.397690625 -1.710190625
v -0.95 0.416836875 -1.68523875
v -0.9500000000000001 0.343681875 -1.7413725
v -0.95 0.4288725 -1.656181875
v -0.95 0.432978125 -1.625
v -0.95 0.4288725 -1.5938181249999999
v -0.95 0.416836875 -1.5647612499999999
v -0.95 0.397690625 -1.539809375
v -0.95 0.37273875 -1.520663125
v -0.95 0.343681875 -1.5086275
v -0.95 0.3125 -1.504521875
v -0.95 0.281318125 -1.5086275
v -0.95 0.25226125 -1.520663125
v -0.95 0.227309375 -1.539809375
v -0.95 0.208163125 -1.5647612499999999
v -0.95 0.1961275 -1.5938181249999999
v -0.95 0.192021875 -1.625
v -0.95 0.1961275 -1.656181875
v -0.95 0.208163125 -1.68523875
v -0.95 0.227309375 -1.710190625
v -0.95 0.25226125 -1.729336875
v -0.9500000000000001 0.281318125 -1.7413725
v -0.9500000000000001 0.3125 -1.745478125
v -0.95 0.35944125 -1.449811875
v -0.95 0.26555875 -1.449811875
v -0.95 0.3125 -1.443631875
v -0.95 0.403184375 -1.467930625
v -0.95 0.221815625 -1.467930625
v -0.95 0.440746875 -1.496753125
v -0.95 0.184253125 -1.496753125
v -0.95 0.3125 -1.504521875
v -0.95 0.343681875 -1.5086275
v -0.95 0.281318125 -1.5086275
v -0.95 0.469569375 -1.534315625
v -0.95 0.37273875 -1.520663125
v -0.95 0.397690625 -1.539809375
v -0.95 0.155430625 -1.534315625
v -0.95 0.25226125 -1.520663125
v -0.95 0.487688125 -1.57805875
v -0.95 0.4288725 -1.5938181249999999
v -0.95 0.493868125 -1.625
v -0.95 0.432978125 -1.625
v -0.95 0.137311875 -1.57805875
v -0.95 0.208163125 -1.5647612499999999
v -0.95 0.487688125 -1.67194125
v -0.95 0.4288725 -1.656181875
v -0.95 0.131131875 -1.625
v -0.95 0.192021875 -1.625
v -0.95 0.137311875 -1.67194125
v -0.95 0.208163125 -1.68523875
v -0.95 0.469569375 -1.715684375
v -0.95 0.397690625 -1.710190625
v -0.95 0.37273875 -1.729336875
v -0.95 0.155430625 -1.715684375
v -0.95 0.25226125 -1.729336875
v -0.9500000000000001 0.440746875 -1.7532468749999999
v -0.9500000000000001 0.184253125 -1.7532468749999999
v -0.9500000000000001 0.343681875 -1.7413725
v -0.9500000000000001 0.281318125 -1.7413725
v -0.9500000000000001 0.3125 -1.745478125
v -0.9500000000000001 0.403184375 -1.782069375
v -0.9500000000000001 0.221815625 -1.782069375
v -0.9500000000000001 0.35944125 -1.800188125
v -0.9500000000000001 0.26555875 -1.800188125
v -0.9500000000000001 0.3125 -1.8063681249999999
v -0.85 0.0526925 -1.475
v -0.95 0.1321875 -1.4446875
v -0.95 0.09166375 -1.4975
v -0.85 0.100368125 -1.412868125
v -0.95 0.53333625 -1.4975
v -0.85 0.6022775 -1.547354375
v -0.95 0.55881125 -1.55900125
v -0.85 0.5723075 -1.475
v -0.8500000000000001 0.100368125 -1.837131875
v -0.9500000000000001 0.09166375 -1.7525
v -0.9500000000000001 0.1321875 -1.8053124999999999
v -0.85 0.0526925 -1.775
v -0.95 0.4928125 -1.4446875
v -0.85 0.524631875 -1.412868125
v -0.8500000000000001 0.234854375 -1.9147775
v -0.65 0.1625 -1.8848075
v -0.8500000000000001 0.1625 -1.8848075
v -0.65 0.234854375 -1.9147775
v -0.6499999999999999 0.4625 -1.3651925
v -0.85 0.390145625 -1.3352225
v -0.6499999999999999 0.390145625 -1.3352225
v -0.85 0.4625 -1.3651925
v -0.95 0.55881125 -1.6909987499999999
v -0.85 0.5723075 -1.775
v -0.9500000000000001 0.53333625 -1.7525
v -0.85 0.6022775 -1.702645625
v -0.65 0.0125 -1.625
v -0.85 0.0227225 -1.547354375
v -0.85 0.0125 -1.625
v -0.65 0.0227225 -1.547354375
v -0.6499999999999999 0.234854375 -1.3352225
v -0.85 0.1625 -1.3651925
v -0.6499999999999999 0.1625 -1.3651925
v -0.85 0.234854375 -1.3352225
v -0.85 0.6125 -1.625
v -0.95 0.5675 -1.625
v -0.95 0.44 -1.40416375
v -0.95 0.37849875 -1.37868875
v -0.6499999999999999 0.524631875 -1.412868125
v -0.85 0.3125 -1.325
v -0.95 0.24650125 -1.37868875
v -0.95 0.3125 -1.37
v -0.65 0.100368125 -1.837131875
v -0.65 0.0526925 -1.775
v -0.65 0.0227225 -1.702645625
v -0.85 0.0227225 -1.702645625
v -0.65 0.6022775 -1.702645625
v -0.65 0.6125 -1.625
v -0.65 0.0526925 -1.475
v -0.6499999999999999 0.100368125 -1.412868125
v -0.95 0.185 -1.40416375
v -0.65 0.5723075 -1.775
v -0.8500000000000001 0.524631875 -1.837131875
v -0.65 0.4625 -1.8848075
v -0.8500000000000001 0.4625 -1.8848075
v -0.65 0.524631875 -1.837131875
v -0.6499999999999999 0.3125 -1.325
v -0.9500000000000001 0.4928125 -1.8053124999999999
v -0.9500000000000001 0.37849875 -1.87131125
v -0.8500000000000001 0.3125 -1.925
v -0.9500000000000001 0.3125 -1.88
v -0.8500000000000001 0.390145625 -1.9147775
v -0.9500000000000001 0.44 -1.84583625
v -0.9500000000000001 0.185 -1.84583625
v -0.95 0.0575 -1.625
v -0.95 0.06618875 -1.6909987499999999
v -0.65 0.6022775 -1.547354375
v -0.65 0.5723075 -1.475
v -0.95 0.06618875 -1.55900125
v -0.65 0.390145625 -1.9147775
v -0.9500000000000001 0.24650125 -1.87131125
v -0.95 0.3125 -1.443631875
v -0.95 0.35944125 -1.449811875
v -0.95 0.26555875 -1.449811875
v -0.95 0.403184375 -1.467930625
v -0.95 0.487688125 -1.57805875
v -0.95 0.493868125 -1.625
v -0.95 0.487688125 -1.67194125
v -0.95 0.131131875 -1.625
v -0.9500000000000001 0.403184375 -1.782069375
v -0.9500000000000001 0.35944125 -1.800188125
v -0.9500000000000001 0.26555875 -1.800188125
v -0.9500000000000001 0.3125 -1.8063681249999999
v -0.65 0.3125 -1.925
v -0.5499999999999999 0.24650125 -1.37868875
v -0.5499999999999999 0.37849875 -1.37868875
v -0.5499999999999999 0.3125 -1.37
v -0.5499999999999999 0.44 -1.40416375
v -0.5499999999999999 0.185 -1.40416375
v -0.5499999999999999 0.1321875 -1.4446875000000001
v -0.5499999999999999 0.4928125 -1.4446875000000001
v -0.5499999999999999 0.09166375 -1.4975
v -0.5499999999999999 0.53333625 -1.4975
v -0.55 0.06618875 -1.5590012500000001
v -0.55 0.55881125 -1.5590012500000001
v -0.55 0.0575 -1.625
v -0.55 0.5675 -1.625
v -0.55 0.06618875 -1.69099875
v -0.55 0.55881125 -1.69099875
v -0.55 0.09166375 -1.7525
v -0.55 0.53333625 -1.7525
v -0.55 0.1321875 -1.8053125
v -0.55 0.4928125 -1.8053125
v -0.55 0.185 -1.84583625
v -0.55 0.44 -1.84583625
v -0.55 0.24650125 -1.87131125
v -0.55 0.37849875 -1.87131125
v -0.55 0.3125 -1.88
vt 0.09375 0.29059124999999997
vt 0.09375 0.275
vt 0.09375 0.275
vt 0.09375 0.275
vt 0.09375 0.29059124999999997
vt 0.09375 0.30511937499999997
vt 0.09375 0.275
vt 0.09375 0.30511937499999997
vt 0.09375 0.275
vt 0.09375 0.275
vt 0.09375 0.30511937499999997
vt 0.09375 0.31759562500000005
vt 0.09375 0.275
vt 0.09375 0.31759562500000005
vt 0.09375 0.275
vt 0.09375 0.275
vt 0.09375 0.31759562500000005
vt 0.09375 0.32716875
vt 0.09375 0.275
vt 0.09375 0.32716875
vt 0.09375 0.275
vt 0.09375 0.275
vt 0.09375 0.32716875
vt 0.09375 0.33318625
vt 0.09375 0.275
vt 0.09375 0.33318625
vt 0.09375 0.275
vt 0.09375 0.275
vt 0.09375 0.33318625
vt 0.09375 0.33523875000000003
vt 0.09375 0.275
vt 0.09375 0.33523875000000003
vt 0.09375 0.275
vt 0.09375 0.275
vt 0.09375 0.33523875000000003
vt 0.09375 0.33318625
vt 0.09375 0.275
vt 0.09375 0.33318625
vt 0.09375 0.275
vt 0.09375 0.275
vt 0.09375 0.33318625
vt 0.09375 0.32716875
vt 0.09375 0.275
vt 0.09375 0.32716875
vt 0.09375 0.275
vt 0.09375 0.275
vt 0.09375 0.32716875
vt 0.09375 0.31759562500000005
vt 0.09375 0.275
vt 0.09375 0.31759562500000005
vt 0.09375 0.275
vt 0.09375 0.275
vt 0.09375 0.31759562500000005
vt 0.09375 0.30511937499999997
vt 0.09375 0.275
vt 0.09375 0.30511937499999997
vt 0.09375 0.275
vt 0.09375 0.275
vt 0.09375 0.30511937499999997
vt 0.09375 0.29059124999999997
vt 0.09375 0.275
vt 0.09375 0.29059124999999997
vt 0.09375 0.275
vt 0.09375 0.275
vt 0.09375 0.29059124999999997
vt 0.09375 0.275
vt 0.09375 0.315159375
vt 0.09375 0.31759562500000005
vt 0.09375 0.33179375
vt 0.09375 0.31759562500000005
vt 0.09375 0.34455812500000005
vt 0.09375 0.33179375
vt 0.09375 0.31759562500000005
vt 0.09375 0.315159375
vt 0.09375 0.30511937499999997
vt 0.09375 0.34455812500000005
vt 0.09375 0.31759562500000005
vt 0.09375 0.32716875
vt 0.09375 0.29578812499999996
vt 0.09375 0.30511937499999997
vt 0.09375 0.315159375
vt 0.09375 0.32716875
vt 0.09375 0.35258187500000004
vt 0.09375 0.34455812500000005
vt 0.09375 0.30511937499999997
vt 0.09375 0.29578812499999996
vt 0.09375 0.29059124999999997
vt 0.09375 0.35258187500000004
vt 0.09375 0.32716875
vt 0.09375 0.33318625
vt 0.09375 0.33318625
vt 0.09375 0.35531875
vt 0.09375 0.35258187500000004
vt 0.09375 0.35531875
vt 0.09375 0.33318625
vt 0.09375 0.33523875000000003
vt 0.09375 0.33523875000000003
vt 0.09375 0.35258187500000004
vt 0.09375 0.35531875
vt 0.09375 0.35258187500000004
vt 0.09375 0.33523875000000003
vt 0.09375 0.33318625
vt 0.09375 0.33318625
vt 0.09375 0.34455812500000005
vt 0.09375 0.35258187500000004
vt 0.09375 0.34455812500000005
vt 0.09375 0.33318625
vt 0.09375 0.32716875
vt 0.09375 0.32716875
vt 0.09375 0.33179375
vt 0.09375 0.34455812500000005
vt 0.09375 0.33179375
vt 0.09375 0.32716875
vt 0.09375 0.31759562500000005
vt 0.09375 0.31759562500000005
vt 0.09375 0.315159375
vt 0.09375 0.33179375
vt 0.09375 0.315159375
vt 0.09375 0.31759562500000005
vt 0.09375 0.30511937499999997
vt 0.09375 0.30511937499999997
vt 0.09375 0.29578812499999996
vt 0.09375 0.315159375
vt 0.09375 0.29578812499999996
vt 0.09375 0.30511937499999997
vt 0.09375 0.29059124999999997
vt 0.09375 0.29059124999999997
vt 0.09375 0.275
vt 0.09375 0.29578812499999996
vt 0.09375 0.275
vt 0.09375 0.29059124999999997
vt 0.09375 0.275
vt 0.09375 0.275
vt 0.09375 0.275
vt 0.09375 0.275
vt 0.09375 0.275
vt 0.09375 0.275
vt 0.09375 0.275
vt 0.09375 0.275
vt 0.09375 0.275
vt 0.09375 0.275
vt 0.09375 0.275
vt 0.09375 0.275
vt 0.09375 0.275
vt 0.09375 0.275
vt 0.09375 0.275
vt 0.09375 0.275
vt 0.09375 0.275
vt 0.09375 0.275
vt 0.09375 0.275
vt 0.09375 0.275
vt 0.09375 0.275
vt 0.09375 0.275
vt 0.09375 0.275
vt 0.09375 0.275
vt 0.09375 0.275
vt 0.09375 0.275
vt 0.09375 0.275
vt 0.09375 0.275
vt 0.09375 0.275
vt 0.09375 0.275
vt 0.09375 0.275
vt 0.09375 0.275
vt 0.09375 0.275
vt 0.09375 0.275
vt 0.09375 0.275
vt 0.09375 0.275
vt 0.09375 0.275
vt 0.09375 0.275
vt 0.09375 0.275
vt 0.09375 0.275
vt 0.09375 0.275
vt 0.09375 0.275
vt 0.09375 0.275
vt 0.09375 0.275
vt 0.09375 0.275
vt 0.09375 0.275
vt 0.09375 0.275
vt 0.09375 0.275
vt 0.09375 0.275
vt 0.09375 0.275
vt 0.09375 0.275
vt 0.09375 0.275
vt 0.09375 0.275
vt 0.09375 0.275
vt 0.09375 0.275
vt 0.09375 0.275
vt 0.09375 0.275
vt 0.09375 0.275
vt 0.09375 0.275
vt 0.09375 0.275
vt 0.09375 0.275
vt 0.09375 0.275
vt 0.09375 0.275
vt 0.09375 0.275
vt 0.09375 0.275
vt 0.09375 0.275
vt 0.09375 0.275
vt 0.09375 0.275
vt 0.09375 0.275
vt 0.09375 0.275
vt 0.09375 0.275
vt 0.09375 0.275
vt 0.09375 0.275
vt 0.09375 0.29059124999999997
vt 0.09375 0.275
vt 0.09375 0.275
vt 0.09375 0.275
vt 0.09375 0.29059124999999997
vt 0.09375 0.29578812499999996
vt 0.09375 0.40088187500000005
vt 0.09375 0.34911812499999995
vt 0.09375 0.375
vt 0.09375 0.34911812499999995
vt 0.09375 0.40088187500000005
vt 0.09375 0.42500000000000004
vt 0.09375 0.34911812499999995
vt 0.09375 0.42500000000000004
vt 0.09375 0.32499999999999996
vt 0.09375 0.32499999999999996
vt 0.09375 0.42500000000000004
vt 0.09375 0.445710625
vt 0.09375 0.32499999999999996
vt 0.09375 0.445710625
vt 0.09375 0.304289375
vt 0.09375 0.304289375
vt 0.09375 0.445710625
vt 0.09375 0.375
vt 0.09375 0.445710625
vt 0.09375 0.39219250000000005
vt 0.09375 0.375
vt 0.09375 0.304289375
vt 0.09375 0.375
vt 0.09375 0.35780749999999995
vt 0.09375 0.39219250000000005
vt 0.09375 0.445710625
vt 0.09375 0.4616025
vt 0.09375 0.39219250000000005
vt 0.09375 0.4616025
vt 0.09375 0.40821375000000004
vt 0.09375 0.40821375000000004
vt 0.09375 0.4616025
vt 0.09375 0.42197125
vt 0.09375 0.304289375
vt 0.09375 0.35780749999999995
vt 0.09375 0.2883975
vt 0.09375 0.2883975
vt 0.09375 0.35780749999999995
vt 0.09375 0.34178624999999996
vt 0.09375 0.2883975
vt 0.09375 0.34178624999999996
vt 0.09375 0.32802875
vt 0.09375 0.42197125
vt 0.09375 0.4616025
vt 0.09375 0.47159249999999997
vt 0.09375 0.42197125
vt 0.09375 0.47159249999999997
vt 0.09375 0.43252749999999995
vt 0.09375 0.43252749999999995
vt 0.09375 0.47159249999999997
vt 0.09375 0.43916374999999996
vt 0.09375 0.43916374999999996
vt 0.09375 0.47159249999999997
vt 0.09375 0.475
vt 0.09375 0.43916374999999996
vt 0.09375 0.475
vt 0.09375 0.4414275
vt 0.09375 0.2883975
vt 0.09375 0.32802875
vt 0.09375 0.27840750000000003
vt 0.09375 0.27840750000000003
vt 0.09375 0.32802875
vt 0.09375 0.31747250000000005
vt 0.09375 0.27840750000000003
vt 0.09375 0.31747250000000005
vt 0.09375 0.31083625000000004
vt 0.09375 0.4414275
vt 0.09375 0.475
vt 0.09375 0.47159249999999997
vt 0.09375 0.4414275
vt 0.09375 0.47159249999999997
vt 0.09375 0.43916374999999996
vt 0.09375 0.43916374999999996
vt 0.09375 0.47159249999999997
vt 0.09375 0.43252749999999995
vt 0.09375 0.27840750000000003
vt 0.09375 0.31083625000000004
vt 0.09375 0.275
vt 0.09375 0.275
vt 0.09375 0.31083625000000004
vt 0.09375 0.3085725
vt 0.09375 0.275
vt 0.09375 0.3085725
vt 0.09375 0.31083625000000004
vt 0.09375 0.275
vt 0.09375 0.31083625000000004
vt 0.09375 0.27840750000000003
vt 0.09375 0.27840750000000003
vt 0.09375 0.31083625000000004
vt 0.09375 0.31747250000000005
vt 0.09375 0.43252749999999995
vt 0.09375 0.47159249999999997
vt 0.09375 0.4616025
vt 0.09375 0.43252749999999995
vt 0.09375 0.4616025
vt 0.09375 0.42197125
vt 0.09375 0.42197125
vt 0.09375 0.4616025
vt 0.09375 0.40821375000000004
vt 0.09375 0.27840750000000003
vt 0.09375 0.31747250000000005
vt 0.09375 0.2883975
vt 0.09375 0.2883975
vt 0.09375 0.31747250000000005
vt 0.09375 0.32802875
vt 0.09375 0.2883975
vt 0.09375 0.32802875
vt 0.09375 0.34178624999999996
vt 0.09375 0.40821375000000004
vt 0.09375 0.4616025
vt 0.09375 0.445710625
vt 0.09375 0.2883975
vt 0.09375 0.34178624999999996
vt 0.09375 0.304289375
vt 0.09375 0.40821375000000004
vt 0.09375 0.445710625
vt 0.09375 0.39219250000000005
vt 0.09375 0.304289375
vt 0.09375 0.34178624999999996
vt 0.09375 0.35780749999999995
vt 0.09375 0.39219250000000005
vt 0.09375 0.445710625
vt 0.09375 0.375
vt 0.09375 0.304289375
vt 0.09375 0.35780749999999995
vt 0.09375 0.375
vt 0.09375 0.304289375
vt 0.09375 0.375
vt 0.09375 0.445710625
vt 0.09375 0.304289375
vt 0.09375 0.445710625
vt 0.09375 0.42500000000000004
vt 0.09375 0.304289375
vt 0.09375 0.42500000000000004
vt 0.09375 0.32499999999999996
vt 0.09375 0.32499999999999996
vt 0.09375 0.42500000000000004
vt 0.09375 0.40088187500000005
vt 0.09375 0.32499999999999996
vt 0.09375 0.40088187500000005
vt 0.09375 0.34911812499999995
vt 0.09375 0.34911812499999995
vt 0.09375 0.40088187500000005
vt 0.09375 0.375
vt 0.59375 0.025000000000000022
vt 0.59375 0.025000000000000022
vt 0.59375 0.025000000000000022
vt 0.59375 0.025000000000000022
vt 0.59375 0.025000000000000022
vt 0.59375 0.025000000000000022
vt 0.59375 0.17222437499999999
vt 0.59375 0.21818499999999996
vt 0.59375 0.18920749999999997
vt 0.59375 0.21818499999999996
vt 0.59375 0.17222437499999999
vt 0.59375 0.19820499999999996
vt 0.59375 0.025000000000000022
vt 0.59375 0.025000000000000022
vt 0.59375 0.025000000000000022
vt 0.59375 0.025000000000000022
vt 0.59375 0.025000000000000022
vt 0.59375 0.025000000000000022
vt 0.59375 0.14520812500000002
vt 0.59375 0.19820499999999996
vt 0.59375 0.17222437499999999
vt 0.59375 0.19820499999999996
vt 0.59375 0.14520812500000002
vt 0.59375 0.16642124999999997
vt 0.59375 0.025000000000000022
vt 0.59375 0.025000000000000022
vt 0.59375 0.025000000000000022
vt 0.59375 0.025000000000000022
vt 0.59375 0.025000000000000022
vt 0.59375 0.025000000000000022
vt 0.59375 0.125
vt 0.59375 0.07676375000000002
vt 0.59375 0.07676375000000002
vt 0.59375 0.07676375000000002
vt 0.59375 0.125
vt 0.59375 0.125
vt 0.59375 0.18920749999999997
vt 0.59375 0.19820499999999996
vt 0.59375 0.17222437499999999
vt 0.59375 0.19820499999999996
vt 0.59375 0.18920749999999997
vt 0.59375 0.21818499999999996
vt 0.59375 0.025000000000000022
vt 0.59375 0.025000000000000022
vt 0.59375 0.025000000000000022
vt 0.59375 0.025000000000000022
vt 0.59375 0.025000000000000022
vt 0.59375 0.025000000000000022
vt 0.59375 0.025000000000000022
vt 0.59375 0.025000000000000022
vt 0.59375 0.025000000000000022
vt 0.59375 0.025000000000000022
vt 0.59375 0.025000000000000022
vt 0.59375 0.025000000000000022
vt 0.59375 0.18920749999999997
vt 0.59375 0.22499999999999998
vt 0.59375 0.19499999999999995
vt 0.59375 0.22499999999999998
vt 0.59375 0.18920749999999997
vt 0.59375 0.21818499999999996
vt 0.59375 0.07676375000000002
vt 0.59375 0.10999999999999999
vt 0.59375 0.06899937499999997
vt 0.59375 0.10999999999999999
vt 0.59375 0.07676375000000002
vt 0.59375 0.125
vt 0.59375 0.16642124999999997
vt 0.59375 0.125
vt 0.59375 0.125
vt 0.59375 0.125
vt 0.59375 0.16642124999999997
vt 0.59375 0.16642124999999997
vt 0.59375 0.025000000000000022
vt 0.59375 0.025000000000000022
vt 0.59375 0.025000000000000022
vt 0.59375 0.025000000000000022
vt 0.59375 0.025000000000000022
vt 0.59375 0.025000000000000022
vt 0.59375 0.025000000000000022
vt 0.59375 0.025000000000000022
vt 0.59375 0.025000000000000022
vt 0.59375 0.025000000000000022
vt 0.59375 0.025000000000000022
vt 0.59375 0.025000000000000022
vt 0.59375 0.025000000000000022
vt 0.59375 0.025000000000000022
vt 0.59375 0.025000000000000022
vt 0.59375 0.025000000000000022
vt 0.59375 0.025000000000000022
vt 0.59375 0.025000000000000022
vt 0.59375 0.125
vt 0.59375 0.14520812500000002
vt 0.59375 0.10999999999999999
vt 0.59375 0.14520812500000002
vt 0.59375 0.125
vt 0.59375 0.16642124999999997
vt 0.59375 0.025000000000000022
vt 0.59375 0.025000000000000022
vt 0.59375 0.025000000000000022
vt 0.59375 0.025000000000000022
vt 0.59375 0.025000000000000022
vt 0.59375 0.025000000000000022
vt 0.59375 0.22499999999999998
vt 0.59375 0.21818499999999996
vt 0.59375 0.21818499999999996
vt 0.59375 0.21818499999999996
vt 0.59375 0.22499999999999998
vt 0.59375 0.22499999999999998
vt 0.59375 0.025000000000000022
vt 0.59375 0.025000000000000022
vt 0.59375 0.025000000000000022
vt 0.59375 0.025000000000000022
vt 0.59375 0.025000000000000022
vt 0.59375 0.025000000000000022
vt 0.59375 0.025000000000000022
vt 0.59375 0.025000000000000022
vt 0.59375 0.025000000000000022
vt 0.59375 0.025000000000000022
vt 0.59375 0.025000000000000022
vt 0.59375 0.025000000000000022
vt 0.59375 0.025000000000000022
vt 0.59375 0.025000000000000022
vt 0.59375 0.025000000000000022
vt 0.59375 0.025000000000000022
vt 0.59375 0.025000000000000022
vt 0.59375 0.025000000000000022
vt 0.59375 0.19499999999999995
vt 0.59375 0.21818499999999996
vt 0.59375 0.18920749999999997
vt 0.59375 0.21818499999999996
vt 0.59375 0.19499999999999995
vt 0.59375 0.22499999999999998
vt 0.59375 0.21818499999999996
vt 0.59375 0.19820499999999996
vt 0.59375 0.19820499999999996
vt 0.59375 0.19820499999999996
vt 0.59375 0.21818499999999996
vt 0.59375 0.21818499999999996
vt 0.59375 0.16642124999999997
vt 0.59375 0.125
vt 0.59375 0.125
vt 0.59375 0.125
vt 0.59375 0.16642124999999997
vt 0.59375 0.16642124999999997
vt 0.59375 0.19820499999999996
vt 0.59375 0.16642124999999997
vt 0.59375 0.16642124999999997
vt 0.59375 0.16642124999999997
vt 0.59375 0.19820499999999996
vt 0.59375 0.19820499999999996
vt 0.59375 0.025000000000000022
vt 0.59375 0.025000000000000022
vt 0.59375 0.025000000000000022
vt 0.59375 0.025000000000000022
vt 0.59375 0.025000000000000022
vt 0.59375 0.025000000000000022
vt 0.59375 0.025000000000000022
vt 0.59375 0.025000000000000022
vt 0.59375 0.025000000000000022
vt 0.59375 0.025000000000000022
vt 0.59375 0.025000000000000022
vt 0.59375 0.025000000000000022
vt 0.59375 0.17222437499999999
vt 0.59375 0.16642124999999997
vt 0.59375 0.14520812500000002
vt 0.59375 0.16642124999999997
vt 0.59375 0.17222437499999999
vt 0.59375 0.19820499999999996
vt 0.59375 0.06899937499999997
vt 0.59375 0.025000000000000022
vt 0.59375 0.025000000000000022
vt 0.59375 0.025000000000000022
vt 0.59375 0.06899937499999997
vt 0.59375 0.07676375000000002
vt 0.59375 0.14520812500000002
vt 0.59375 0.125
vt 0.59375 0.10999999999999999
vt 0.59375 0.125
vt 0.59375 0.14520812500000002
vt 0.59375 0.16642124999999997
vt 0.59375 0.025000000000000022
vt 0.59375 0.025000000000000022
vt 0.59375 0.025000000000000022
vt 0.59375 0.025000000000000022
vt 0.59375 0.025000000000000022
vt 0.59375 0.025000000000000022
vt 0.59375 0.025000000000000022
vt 0.59375 0.025000000000000022
vt 0.59375 0.025000000000000022
vt 0.59375 0.025000000000000022
vt 0.59375 0.025000000000000022
vt 0.59375 0.025000000000000022
vt 0.59375 0.025000000000000022
vt 0.59375 0.025000000000000022
vt 0.59375 0.025000000000000022
vt 0.59375 0.025000000000000022
vt 0.59375 0.025000000000000022
vt 0.59375 0.025000000000000022
vt 0.59375 0.19820499999999996
vt 0.59375 0.21818499999999996
vt 0.59375 0.21818499999999996
vt 0.59375 0.21818499999999996
vt 0.59375 0.19820499999999996
vt 0.59375 0.19820499999999996
vt 0.59375 0.16642124999999997
vt 0.59375 0.19820499999999996
vt 0.59375 0.19820499999999996
vt 0.59375 0.19820499999999996
vt 0.59375 0.16642124999999997
vt 0.59375 0.16642124999999997
vt 0.59375 0.025000000000000022
vt 0.59375 0.025000000000000022
vt 0.59375 0.025000000000000022
vt 0.59375 0.025000000000000022
vt 0.59375 0.025000000000000022
vt 0.59375 0.025000000000000022
vt 0.59375 0.125
vt 0.59375 0.07676375000000002
vt 0.59375 0.07676375000000002
vt 0.59375 0.07676375000000002
vt 0.59375 0.125
vt 0.59375 0.125
vt 0.59375 0.025000000000000022
vt 0.59375 0.025000000000000022
vt 0.59375 0.025000000000000022
vt 0.59375 0.025000000000000022
vt 0.59375 0.025000000000000022
vt 0.59375 0.025000000000000022
vt 0.59375 0.025000000000000022
vt 0.59375 0.025000000000000022
vt 0.59375 0.025000000000000022
vt 0.59375 0.025000000000000022
vt 0.59375 0.025000000000000022
vt 0.59375 0.025000000000000022
vt 0.59375 0.06899937499999997
vt 0.59375 0.025000000000000022
vt 0.59375 0.025000000000000022
vt 0.59375 0.025000000000000022
vt 0.59375 0.06899937499999997
vt 0.59375 0.10999999999999999
vt 0.59375 0.025000000000000022
vt 0.59375 0.10999999999999999
vt 0.59375 0.025000000000000022
vt 0.59375 0.025000000000000022
vt 0.59375 0.10999999999999999
vt 0.59375 0.14520812500000002
vt 0.59375 0.025000000000000022
vt 0.59375 0.14520812500000002
vt 0.59375 0.025000000000000022
vt 0.59375 0.025000000000000022
vt 0.59375 0.025000000000000022
vt 0.59375 0.025000000000000022
vt 0.59375 0.025000000000000022
vt 0.59375 0.14520812500000002
vt 0.59375 0.05629437500000001
vt 0.59375 0.025000000000000022
vt 0.59375 0.025000000000000022
vt 0.59375 0.025000000000000022
vt 0.59375 0.05629437500000001
vt 0.59375 0.14520812500000002
vt 0.59375 0.17222437499999999
vt 0.59375 0.025000000000000022
vt 0.59375 0.025000000000000022
vt 0.59375 0.025000000000000022
vt 0.59375 0.05629437500000001
vt 0.59375 0.17222437499999999
vt 0.59375 0.08545625000000001
vt 0.59375 0.08545625000000001
vt 0.59375 0.17222437499999999
vt 0.59375 0.11049750000000003
vt 0.59375 0.11049750000000003
vt 0.59375 0.17222437499999999
vt 0.59375 0.12971312499999998
vt 0.59375 0.12971312499999998
vt 0.59375 0.17222437499999999
vt 0.59375 0.18920749999999997
vt 0.59375 0.12971312499999998
vt 0.59375 0.18920749999999997
vt 0.59375 0.141791875
vt 0.59375 0.141791875
vt 0.59375 0.18920749999999997
vt 0.59375 0.19499999999999995
vt 0.59375 0.141791875
vt 0.59375 0.19499999999999995
vt 0.59375 0.14591187500000002
vt 0.59375 0.025000000000000022
vt 0.59375 0.025000000000000022
vt 0.59375 0.025000000000000022
vt 0.59375 0.025000000000000022
vt 0.59375 0.025000000000000022
vt 0.59375 0.025000000000000022
vt 0.59375 0.025000000000000022
vt 0.59375 0.025000000000000022
vt 0.59375 0.025000000000000022
vt 0.59375 0.025000000000000022
vt 0.59375 0.025000000000000022
vt 0.59375 0.025000000000000022
vt 0.59375 0.025000000000000022
vt 0.59375 0.025000000000000022
vt 0.59375 0.025000000000000022
vt 0.59375 0.14591187500000002
vt 0.59375 0.19499999999999995
vt 0.59375 0.18920749999999997
vt 0.59375 0.14591187500000002
vt 0.59375 0.18920749999999997
vt 0.59375 0.141791875
vt 0.59375 0.141791875
vt 0.59375 0.18920749999999997
vt 0.59375 0.12971312499999998
vt 0.59375 0.12971312499999998
vt 0.59375 0.18920749999999997
vt 0.59375 0.17222437499999999
vt 0.59375 0.12971312499999998
vt 0.59375 0.17222437499999999
vt 0.59375 0.11049750000000003
vt 0.59375 0.025000000000000022
vt 0.59375 0.025000000000000022
vt 0.59375 0.025000000000000022
vt 0.59375 0.025000000000000022
vt 0.59375 0.025000000000000022
vt 0.59375 0.025000000000000022
vt 0.59375 0.025000000000000022
vt 0.59375 0.025000000000000022
vt 0.59375 0.025000000000000022
vt 0.59375 0.025000000000000022
vt 0.59375 0.025000000000000022
vt 0.59375 0.025000000000000022
vt 0.59375 0.025000000000000022
vt 0.59375 0.025000000000000022
vt 0.59375 0.025000000000000022
vt 0.59375 0.025000000000000022
vt 0.59375 0.025000000000000022
vt 0.59375 0.025000000000000022
vt 0.59375 0.025000000000000022
vt 0.59375 0.025000000000000022
vt 0.59375 0.025000000000000022
vt 0.59375 0.11049750000000003
vt 0.59375 0.17222437499999999
vt 0.59375 0.14520812500000002
vt 0.59375 0.025000000000000022
vt 0.59375 0.025000000000000022
vt 0.59375 0.025000000000000022
vt 0.59375 0.11049750000000003
vt 0.59375 0.14520812500000002
vt 0.59375 0.08545625000000001
vt 0.59375 0.08545625000000001
vt 0.59375 0.14520812500000002
vt 0.59375 0.05629437500000001
vt 0.59375 0.025000000000000022
vt 0.59375 0.025000000000000022
vt 0.59375 0.025000000000000022
vt 0.59375 0.025000000000000022
vt 0.59375 0.025000000000000022
vt 0.59375 0.025000000000000022
vt 0.59375 0.05629437500000001
vt 0.59375 0.14520812500000002
vt 0.59375 0.025000000000000022
vt 0.59375 0.025000000000000022
vt 0.59375 0.025000000000000022
vt 0.59375 0.025000000000000022
vt 0.59375 0.025000000000000022
vt 0.59375 0.14520812500000002
vt 0.59375 0.10999999999999999
vt 0.59375 0.025000000000000022
vt 0.59375 0.025000000000000022
vt 0.59375 0.025000000000000022
vt 0.59375 0.025000000000000022
vt 0.59375 0.025000000000000022
vt 0.59375 0.10999999999999999
vt 0.59375 0.025000000000000022
vt 0.59375 0.10999999999999999
vt 0.59375 0.06899937499999997
vt 0.59375 0.025000000000000022
vt 0.59375 0.06899937499999997
vt 0.59375 0.025000000000000022
vt 0.59375 0.025000000000000022
vt 0.59375 0.06899937499999997
vt 0.59375 0.025000000000000022
vt 0.59375 0.025000000000000022
vt 0.59375 0.025000000000000022
vt 0.59375 0.025000000000000022
vt 0.59375 0.025000000000000022
vt 0.59375 0.025000000000000022
vt 0.59375 0.025000000000000022
vt 0.59375 0.10999999999999999
vt 0.59375 0.07676375000000002
vt 0.59375 0.06899937499999997
vt 0.59375 0.07676375000000002
vt 0.59375 0.10999999999999999
vt 0.59375 0.125
vt 0.59375 0.025000000000000022
vt 0.59375 0.025000000000000022
vt 0.59375 0.025000000000000022
vt 0.59375 0.025000000000000022
vt 0.59375 0.025000000000000022
vt 0.59375 0.025000000000000022
vt 0.59375 0.21818499999999996
vt 0.59375 0.22499999999999998
vt 0.59375 0.22499999999999998
vt 0.59375 0.22499999999999998
vt 0.59375 0.21818499999999996
vt 0.59375 0.21818499999999996
vt 0.59375 0.025000000000000022
vt 0.59375 0.025000000000000022
vt 0.59375 0.025000000000000022
vt 0.59375 0.025000000000000022
vt 0.59375 0.025000000000000022
vt 0.59375 0.025000000000000022
vt 0.59375 0.07676375000000002
vt 0.59375 0.025000000000000022
vt 0.59375 0.025000000000000022
vt 0.59375 0.025000000000000022
vt 0.59375 0.07676375000000002
vt 0.59375 0.07676375000000002
vt 0.59375 0.07676375000000002
vt 0.59375 0.025000000000000022
vt 0.59375 0.025000000000000022
vt 0.59375 0.025000000000000022
vt 0.59375 0.07676375000000002
vt 0.59375 0.07676375000000002
vt 0.59375 0.07676375000000002
vt 0.59375 0.025000000000000022
vt 0.59375 0.025000000000000022
vt 0.59375 0.025000000000000022
vt 0.59375 0.07676375000000002
vt 0.59375 0.06899937499999997
vt 0.59375 0.025000000000000022
vt 0.59375 0.025000000000000022
vt 0.59375 0.025000000000000022
vt 0.59375 0.025000000000000022
vt 0.59375 0.025000000000000022
vt 0.59375 0.025000000000000022
vt 0.59375 0.025000000000000022
vt 0.59375 0.06899937499999997
vt 0.59375 0.025000000000000022
vt 0.59375 0.06899937499999997
vt 0.59375 0.025000000000000022
vt 0.59375 0.10999999999999999
vt 0.59375 0.10999999999999999
vt 0.59375 0.025000000000000022
vt 0.59375 0.025000000000000022
vt 0.59375 0.10999999999999999
vt 0.59375 0.025000000000000022
vt 0.59375 0.025000000000000022
vt 0.59375 0.10999999999999999
vt 0.59375 0.025000000000000022
vt 0.59375 0.14520812500000002
vt 0.59375 0.14520812500000002
vt 0.59375 0.025000000000000022
vt 0.59375 0.025000000000000022
vt 0.59375 0.14520812500000002
vt 0.59375 0.025000000000000022
vt 0.59375 0.17222437499999999
vt 0.59375 0.17222437499999999
vt 0.59375 0.025000000000000022
vt 0.59375 0.025000000000000022
vt 0.59375 0.17222437499999999
vt 0.59375 0.025000000000000022
vt 0.59375 0.18920749999999997
vt 0.59375 0.18920749999999997
vt 0.59375 0.025000000000000022
vt 0.59375 0.025000000000000022
vt 0.59375 0.18920749999999997
vt 0.59375 0.025000000000000022
vt 0.59375 0.19499999999999995
vt 0.59375 0.19499999999999995
vt 0.59375 0.025000000000000022
vt 0.59375 0.025000000000000022
vt 0.59375 0.19499999999999995
vt 0.59375 0.025000000000000022
vt 0.59375 0.18920749999999997
vt 0.59375 0.18920749999999997
vt 0.59375 0.025000000000000022
vt 0.59375 0.025000000000000022
vt 0.59375 0.18920749999999997
vt 0.59375 0.025000000000000022
vt 0.59375 0.17222437499999999
vt 0.59375 0.17222437499999999
vt 0.59375 0.025000000000000022
vt 0.59375 0.025000000000000022
vt 0.59375 0.17222437499999999
vt 0.59375 0.025000000000000022
vt 0.59375 0.14520812500000002
vt 0.59375 0.14520812500000002
vt 0.59375 0.025000000000000022
vt 0.59375 0.025000000000000022
vt 0.59375 0.14520812500000002
vt 0.59375 0.025000000000000022
vt 0.59375 0.10999999999999999
vt 0.59375 0.10999999999999999
vt 0.59375 0.025000000000000022
vt 0.59375 0.025000000000000022
vt 0.59375 0.10999999999999999
vt 0.59375 0.025000000000000022
vt 0.59375 0.06899937499999997
vt 0.59375 0.06899937499999997
vt 0.59375 0.025000000000000022
vt 0.59375 0.025000000000000022
vt 0.59375 0.06899937499999997
vt 0.59375 0.025000000000000022
vt 0.59375 0.025000000000000022
vt 0.59375 0.025000000000000022
vt 0.59375 0.06899937499999997
vt 0.59375 0.07676375000000002
vt 0.59375 0.025000000000000022
vt 0.59375 0.025000000000000022
vt 0.59375 0.025000000000000022
vt 0.59375 0.025000000000000022
vt 0.59375 0.025000000000000022
vt 0.59375 0.025000000000000022
vt 0.59375 0.025000000000000022
vt 0.59375 0.025000000000000022
vt 0.59375 0.025000000000000022
vt 0.59375 0.025000000000000022
vt 0.59375 0.025000000000000022
vt 0.59375 0.025000000000000022
vt 0.59375 0.025000000000000022
vt 0.59375 0.025000000000000022
vt 0.59375 0.025000000000000022
vt 0.59375 0.025000000000000022
vt 0.59375 0.025000000000000022
vt 0.59375 0.025000000000000022
vt 0.59375 0.025000000000000022
vt 0.59375 0.025000000000000022
vt 0.59375 0.025000000000000022
vt 0.59375 0.025000000000000022
vt 0.59375 0.025000000000000022
vt 0.59375 0.025000000000000022
vt 0.59375 0.025000000000000022
vt 0.59375 0.025000000000000022
vt 0.59375 0.025000000000000022
vt 0.59375 0.025000000000000022
vt 0.59375 0.025000000000000022
vt 0.59375 0.025000000000000022
vt 0.59375 0.025000000000000022
vt 0.59375 0.025000000000000022
vt 0.59375 0.025000000000000022
vt 0.59375 0.025000000000000022
vt 0.59375 0.025000000000000022
vt 0.59375 0.025000000000000022
vt 0.59375 0.025000000000000022
vt 0.59375 0.025000000000000022
vt 0.59375 0.025000000000000022
vt 0.59375 0.025000000000000022
vt 0.59375 0.025000000000000022
vt 0.59375 0.025000000000000022
vt 0.59375 0.025000000000000022
vt 0.59375 0.025000000000000022
vt 0.59375 0.025000000000000022
vt 0.59375 0.025000000000000022
vt 0.59375 0.025000000000000022
vt 0.59375 0.025000000000000022
vt 0.59375 0.025000000000000022
vt 0.59375 0.025000000000000022
vt 0.59375 0.025000000000000022
vt 0.59375 0.025000000000000022
vt 0.59375 0.025000000000000022
vt 0.59375 0.025000000000000022
vt 0.59375 0.125
vt 0.59375 0.14520812500000002
vt 0.59375 0.10999999999999999
vt 0.59375 0.14520812500000002
vt 0.59375 0.125
vt 0.59375 0.16642124999999997
vt 0.59375 0.025000000000000022
vt 0.59375 0.025000000000000022
vt 0.59375 0.025000000000000022
vt 0.59375 0.025000000000000022
vt 0.59375 0.025000000000000022
vt 0.59375 0.025000000000000022
vt 0.59375 0.19820499999999996
vt 0.59375 0.18920749999999997
vt 0.59375 0.21818499999999996
vt 0.59375 0.18920749999999997
vt 0.59375 0.19820499999999996
vt 0.59375 0.17222437499999999
vt 0.59375 0.14520812500000002
vt 0.59375 0.125
vt 0.59375 0.10999999999999999
vt 0.59375 0.125
vt 0.59375 0.14520812500000002
vt 0.59375 0.16642124999999997
vt 0.59375 0.21818499999999996
vt 0.59375 0.19499999999999995
vt 0.59375 0.22499999999999998
vt 0.59375 0.19499999999999995
vt 0.59375 0.21818499999999996
vt 0.59375 0.18920749999999997
vt 0.59375 0.10999999999999999
vt 0.59375 0.07676375000000002
vt 0.59375 0.06899937499999997
vt 0.59375 0.07676375000000002
vt 0.59375 0.10999999999999999
vt 0.59375 0.125
vt 0.59375 0.025000000000000022
vt 0.59375 0.025000000000000022
vt 0.59375 0.025000000000000022
vt 0.59375 0.025000000000000022
vt 0.59375 0.025000000000000022
vt 0.59375 0.025000000000000022
vt 0.59375 0.07676375000000002
vt 0.59375 0.10999999999999999
vt 0.59375 0.06899937499999997
vt 0.59375 0.10999999999999999
vt 0.59375 0.07676375000000002
vt 0.59375 0.125
vt 0.59375 0.19820499999999996
vt 0.59375 0.14520812500000002
vt 0.59375 0.16642124999999997
vt 0.59375 0.14520812500000002
vt 0.59375 0.19820499999999996
vt 0.59375 0.17222437499999999
vt 0.59375 0.22499999999999998
vt 0.59375 0.18920749999999997
vt 0.59375 0.21818499999999996
vt 0.59375 0.18920749999999997
vt 0.59375 0.22499999999999998
vt 0.59375 0.19499999999999995
vt 0.59375 0.025000000000000022
vt 0.59375 0.025000000000000022
vt 0.59375 0.025000000000000022
vt 0.59375 0.025000000000000022
vt 0.59375 0.025000000000000022
vt 0.59375 0.025000000000000022
vt 0.59375 0.21818499999999996
vt 0.59375 0.17222437499999999
vt 0.59375 0.19820499999999996
vt 0.59375 0.17222437499999999
vt 0.59375 0.21818499999999996
vt 0.59375 0.18920749999999997
vt 0.59375 0.07676375000000002
vt 0.59375 0.025000000000000022
vt 0.59375 0.025000000000000022
vt 0.59375 0.025000000000000022
vt 0.59375 0.07676375000000002
vt 0.59375 0.06899937499999997
vt 0.59375 0.16642124999999997
vt 0.59375 0.17222437499999999
vt 0.59375 0.19820499999999996
vt 0.59375 0.17222437499999999
vt 0.59375 0.16642124999999997
vt 0.59375 0.14520812500000002
vn -1 0 1.2246467991473532e-16
vn -1 0 1.2246467991473532e-16
vn -1 0 1.2246467991473532e-16
vn -1 0 1.2246467991473532e-16
vn -1 0 1.2246467991473532e-16
vn -1 0 1.2246467991473532e-16
vn -1 0 1.2246467991473532e-16
vn -1 0 1.2246467991473532e-16
vn -1 0 1.2246467991473532e-16
vn -1 0 1.2246467991473532e-16
vn -1 0 1.2246467991473532e-16
vn -1 0 1.2246467991473532e-16
vn -1 0 1.2246467991473532e-16
vn -1 0 1.2246467991473532e-16
vn -1 0 1.2246467991473532e-16
vn -1 0 1.2246467991473532e-16
vn -1 0 1.2246467991473532e-16
vn -1 0 1.2246467991473532e-16
vn -1 0 1.2246467991473532e-16
vn -1 0 1.2246467991473532e-16
vn -1 0 1.2246467991473532e-16
vn -1 0 1.2246467991473532e-16
vn -0.512746542048784 -0.5226461057319335 0.6811255624187507
vn -0.512746542048784 -0.6811255624187506 0.5226461057319334
vn -0.5127487983493916 -0.5226408730528569 0.6811278790402009
vn -0.5127487983493918 -0.6811278790402011 0.5226408730528567
vn -0.5127495704199422 -0.3285454012344252 0.7931871137139556
vn -0.5127495704199423 -0.7931871137139559 0.3285454012344247
vn -0.512750087581671 -0.328544105299069 0.7931873161859204
vn -0.512750087581671 -0.7931873161859203 0.32854410529906886
vn -0.5127500746476437 -0.8511914082608244 0.11207384820639718
vn -0.5127474860082263 -0.8511921080836279 0.11208037619669758
vn -0.5127478558592387 -0.851192722058872 -0.1120740211902894
vn -0.5127504444096374 -0.8511903563446227 -0.1120801455371732
vn -0.5127500137068978 -0.7931868691193401 -0.32854529992108417
vn -0.5127494965447462 -0.793187642305461 -0.3285442403802162
vn -0.5127484759989105 -0.6811246460817945 -0.5226454026017496
vn -0.512746219714876 -0.681129100845157 -0.5226418105643408
vn -0.5127465420487842 -0.5226461057319334 -0.6811255624187504
vn -0.5127487983493919 -0.522640873052857 -0.6811278790402007
vn -0.5127495704199423 -0.32854540123442527 -0.7931871137139556
vn -0.5127500875816712 -0.328544105299069 -0.7931873161859202
vn -0.5127500746476438 -0.11207384820639703 -0.8511914082608244
vn -0.5127474860082265 -0.11208037619669756 -0.8511921080836279
vn -0.5127474860082265 0.11208037619669756 -0.8511921080836279
vn -0.5127500746476438 0.11207384820639701 -0.8511914082608244
vn -0.5127500875816712 0.328544105299069 -0.7931873161859202
vn -0.5127495704199424 0.3285454012344252 -0.7931871137139553
vn -0.5127487983493918 0.5226408730528569 -0.6811278790402007
vn -0.512746542048784 0.5226461057319339 -0.6811255624187501
vn -0.5127462197148758 0.6811291008451571 -0.5226418105643409
vn -0.5127484759989104 0.681124646081794 -0.5226454026017502
vn -0.5127495704199423 0.7931871137139559 -0.3285454012344246
vn -0.512750087581671 0.7931873161859203 -0.32854410529906874
vn -0.5127504444096374 0.8511903563446227 -0.1120801455371732
vn -0.5127478558592385 0.851192722058872 -0.11207402119028939
vn -0.5127478558592387 0.851192722058872 0.11207402119028954
vn -0.5127504444096374 0.8511903563446227 0.11208014553717334
vn -0.512750087581671 0.7931873161859203 0.32854410529906897
vn -0.5127495704199423 0.7931871137139558 0.3285454012344247
vn -0.5127484759989102 0.6811246460817941 0.5226454026017504
vn -0.5127462197148754 0.681129100845157 0.5226418105643411
vn -0.5127465420487838 0.5226461057319338 0.6811255624187504
vn -0.5127487983493916 0.5226408730528569 0.6811278790402008
vn -0.512749570419942 0.3285454012344252 0.7931871137139556
vn -0.512750087581671 0.328544105299069 0.7931873161859204
vn -0.5127500746476436 0.11207384820639703 0.8511914082608246
vn -0.5127474860082263 0.11208037619669756 0.8511921080836281
vn -0.5127474860082263 -0.11208037619669756 0.8511921080836281
vn -0.5127500746476436 -0.11207384820639701 0.8511914082608246
vn -1 0 1.2246467991473532e-16
vn -1 0 1.2246467991473532e-16
vn -1 0 1.2246467991473532e-16
vn -1 0 1.2246467991473532e-16
vn -1 0 1.2246467991473532e-16
vn -1 0 1.2246467991473532e-16
vn -1 0 1.2246467991473532e-16
vn -1 0 1.2246467991473532e-16
vn -1 0 1.2246467991473532e-16
vn -1 0 1.2246467991473532e-16
vn -1 0 1.2246467991473532e-16
vn -1 0 1.2246467991473532e-16
vn -1 0 1.2246467991473532e-16
vn -1 0 1.2246467991473532e-16
vn -1 0 1.2246467991473532e-16
vn -1 0 1.2246467991473532e-16
vn -1 0 1.2246467991473532e-16
vn -1 0 1.2246467991473532e-16
vn -1 0 1.2246467991473532e-16
vn -1 0 1.2246467991473532e-16
vn -1 0 1.2246467991473532e-16
vn -1 0 1.2246467991473532e-16
vn -1 0 1.2246467991473532e-16
vn -1 0 1.2246467991473532e-16
vn -1 0 1.2246467991473532e-16
vn -1 0 1.2246467991473532e-16
vn -1 0 1.2246467991473532e-16
vn -1 0 1.2246467991473532e-16
vn -1 0 1.2246467991473532e-16
vn -1 0 1.2246467991473532e-16
vn -1 0 1.2246467991473532e-16
vn -1 0 1.2246467991473532e-16
vn -1 0 1.2246467991473532e-16
vn -1 0 1.2246467991473532e-16
vn -1 0 1.2246467991473532e-16
vn -1 0 1.2246467991473532e-16
vn -1 0 1.2246467991473532e-16
vn -1 0 1.2246467991473532e-16
vn -1 0 1.2246467991473532e-16
vn -1 0 1.2246467991473532e-16
vn -1 0 1.2246467991473532e-16
vn -1 0 1.2246467991473532e-16
vn -1 0 1.2246467991473532e-16
vn -1 0 1.2246467991473532e-16
vn -1 0 1.2246467991473532e-16
vn -1 0 1.2246467991473532e-16
vn -1 0 1.2246467991473532e-16
vn -1 0 1.2246467991473532e-16
vn -0.40743987004877263 -0.7245203678692108 0.5559343386024134
vn -0.4074343269874782 -0.7245167446171431 0.5559431229556115
vn -0.4074357837204939 0.8437163825681471 0.3494835445771195
vn -0.40743951331267664 0.8437172076470141 0.3494772045668428
vn -0.4074338775414926 -0.7245224889469597 -0.5559359661342366
vn -0.4074394206185822 -0.724514941714985 -0.5559417395354715
vn -0.40743987004877286 0.7245203678692111 0.5559343386024129
vn -0.4074343269874781 0.7245167446171432 0.5559431229556114
vn -1.131427015783924e-16 -0.3826816512484569 -0.923880270271941
vn -1.131427015783924e-16 -0.3826816512484569 -0.923880270271941
vn 1.1314270157839242e-16 0.3826816512484568 0.9238802702719411
vn 1.1314270157839242e-16 0.3826816512484568 0.9238802702719411
vn -0.40743981570512944 0.8437147206367765 -0.3494828561731981
vn -0.407436086114399 0.8437186202973073 -0.3494777897025624
vn 1.598524729013742e-17 -0.9914444324988257 0.13052944980762593
vn 1.598524729013742e-17 -0.9914444324988257 0.13052944980762593
vn 1.131427015783924e-16 -0.3826816512484569 0.923880270271941
vn 1.131427015783924e-16 -0.3826816512484569 0.923880270271941
vn -0.4074389479698164 0.905419884377369 0.1191987275574748
vn -0.40743590023962395 0.9054205740345674 0.1192039064411986
vn -0.40743578372049366 0.34948354457711905 0.8437163825681473
vn -0.4074395133126765 0.34947720456684206 0.8437172076470142
vn 9.71576416652639e-17 0.6087627189097392 0.793352350513706
vn 9.71576416652639e-17 0.6087627189097392 0.793352350513706
vn -0.4074359002396235 -0.11920390644119794 0.9054205740345675
vn -0.4074389479698159 -0.11919872755747439 0.9054198843773692
vn -9.715764166526393e-17 -0.6087627189097388 -0.7933523505137062
vn -9.715764166526393e-17 -0.6087627189097388 -0.7933523505137062
vn -7.455193151530512e-17 -0.7933523505137062 -0.6087627189097385
vn -7.455193151530512e-17 -0.7933523505137062 -0.6087627189097385
vn -0.40743987004877286 0.5559343386024133 0.7245203678692107
vn -0.4074343269874781 0.555943122955612 0.7245167446171428
vn -1.598524729013742e-17 -0.9914444324988257 -0.13052944980762593
vn -1.598524729013742e-17 -0.9914444324988257 -0.13052944980762593
vn -1.5985247290137458e-17 0.9914444324988257 -0.13052944980762624
vn -1.5985247290137458e-17 0.9914444324988257 -0.13052944980762624
vn 7.455193151530512e-17 -0.7933523505137062 0.6087627189097385
vn 7.455193151530512e-17 -0.7933523505137062 0.6087627189097385
vn -0.4074395133126765 -0.34947720456684217 0.8437172076470143
vn -0.40743578372049366 -0.3494835445771191 0.8437163825681473
vn -4.6864985929384656e-17 -0.923880270271941 -0.382681651248457
vn -4.6864985929384656e-17 -0.923880270271941 -0.382681651248457
vn -0.40743565312338476 0.9054213417914931 -0.11919891942636571
vn -0.407438700855728 0.9054193352349503 -0.11920374334599401
vn -4.6864985929384724e-17 0.9238802702719408 -0.38268165124845754
vn -4.6864985929384724e-17 0.9238802702719408 -0.38268165124845754
vn -9.71576416652639e-17 0.6087627189097392 -0.793352350513706
vn -9.71576416652639e-17 0.6087627189097392 -0.793352350513706
vn -7.455193151530512e-17 0.7933523505137062 -0.6087627189097385
vn -7.455193151530512e-17 0.7933523505137062 -0.6087627189097385
vn -0.4074343269874783 -0.5559431229556117 0.724516744617143
vn -0.40743987004877275 -0.5559343386024134 0.7245203678692107
vn 1.2141692507921511e-16 -0.13052944980762554 0.9914444324988257
vn 1.2141692507921511e-16 -0.13052944980762554 0.9914444324988257
vn -0.40743387754149235 0.7245224889469599 -0.5559359661342362
vn -0.40743942061858224 0.724514941714985 -0.5559417395354715
vn -0.4074389479698161 0.11919872755747439 -0.9054198843773692
vn -0.4074359002396237 0.11920390644119794 -0.9054205740345675
vn -0.4074398700487731 0.5559343386024133 -0.7245203678692106
vn -0.40743432698747833 0.555943122955612 -0.7245167446171428
vn 9.715764166526393e-17 -0.6087627189097388 0.7933523505137062
vn 9.715764166526393e-17 -0.6087627189097388 0.7933523505137062
vn -0.4074343269874784 -0.5559431229556117 -0.7245167446171429
vn -0.40743987004877286 -0.5559343386024133 -0.7245203678692107
vn -0.4074356531233845 -0.9054213417914933 -0.11919891942636544
vn -0.40743870085572764 -0.9054193352349504 -0.11920374334599368
vn 4.6864985929384724e-17 0.9238802702719408 0.38268165124845754
vn 4.6864985929384724e-17 0.9238802702719408 0.38268165124845754
vn 7.455193151530512e-17 0.7933523505137062 0.6087627189097385
vn 7.455193151530512e-17 0.7933523505137062 0.6087627189097385
vn -0.40743894796981617 -0.9054198843773693 0.11919872755747474
vn -0.4074359002396236 -0.9054205740345675 0.11920390644119842
vn -1.1314270157839242e-16 0.3826816512484568 -0.9238802702719411
vn -1.1314270157839242e-16 0.3826816512484568 -0.9238802702719411
vn 4.6864985929384656e-17 -0.923880270271941 0.382681651248457
vn 4.6864985929384656e-17 -0.923880270271941 0.382681651248457
vn -0.40743951331267675 -0.34947720456684217 -0.8437172076470143
vn -0.40743578372049377 -0.349483544577119 -0.8437163825681471
vn -1 0 1.2246467991473532e-16
vn -1 0 1.2246467991473532e-16
vn -1 0 1.2246467991473532e-16
vn -1 0 1.2246467991473532e-16
vn -1 0 1.2246467991473532e-16
vn -1 0 1.2246467991473532e-16
vn -1 0 1.2246467991473532e-16
vn -1 0 1.2246467991473532e-16
vn -1 0 1.2246467991473532e-16
vn -1 0 1.2246467991473532e-16
vn -1 0 1.2246467991473532e-16
vn -1 0 1.2246467991473532e-16
vn -1 0 1.2246467991473532e-16
vn -1 0 1.2246467991473532e-16
vn -1 0 1.2246467991473532e-16
vn -1 0 1.2246467991473532e-16
vn -1 0 1.2246467991473532e-16
vn -1 0 1.2246467991473532e-16
vn -1 0 1.2246467991473532e-16
vn -1 0 1.2246467991473532e-16
vn -1 0 1.2246467991473532e-16
vn -1 0 1.2246467991473532e-16
vn -1 0 1.2246467991473532e-16
vn -1 0 1.2246467991473532e-16
vn -1 0 1.2246467991473532e-16
vn -1 0 1.2246467991473532e-16
vn -1 0 1.2246467991473532e-16
vn -1 0 1.2246467991473532e-16
vn -1 0 1.2246467991473532e-16
vn -1 0 1.2246467991473532e-16
vn -1 0 1.2246467991473532e-16
vn -1 0 1.2246467991473532e-16
vn -1 0 1.2246467991473532e-16
vn -1 0 1.2246467991473532e-16
vn -1 0 1.2246467991473532e-16
vn -1 0 1.2246467991473532e-16
vn -1 0 1.2246467991473532e-16
vn -1 0 1.2246467991473532e-16
vn -1 0 1.2246467991473532e-16
vn -1 0 1.2246467991473532e-16
vn -1 0 1.2246467991473532e-16
vn -1 0 1.2246467991473532e-16
vn -1 0 1.2246467991473532e-16
vn -1 0 1.2246467991473532e-16
vn -1 0 1.2246467991473532e-16
vn -1 0 1.2246467991473532e-16
vn -1 0 1.2246467991473532e-16
vn -1 0 1.2246467991473532e-16
vn -1.2141692507921511e-16 -0.13052944980762554 -0.9914444324988257
vn -1.2141692507921511e-16 -0.13052944980762554 -0.9914444324988257
vn -0.40743578372049377 0.34948354457711905 -0.8437163825681471
vn -0.40743951331267675 0.34947720456684206 -0.8437172076470142
vn -0.4074359002396237 -0.11920390644119797 -0.9054205740345675
vn -0.4074389479698161 -0.11919872755747443 -0.9054198843773692
vn 1.5985247290137458e-17 0.9914444324988257 0.13052944980762624
vn 1.5985247290137458e-17 0.9914444324988257 0.13052944980762624
vn -0.40743578372049366 -0.8437163825681473 0.3494835445771192
vn -0.40743951331267647 -0.8437172076470143 0.3494772045668424
vn -1.2141692507921511e-16 0.13052944980762554 -0.9914444324988257
vn -1.2141692507921511e-16 0.13052944980762554 -0.9914444324988257
vn 1.2141692507921511e-16 0.13052944980762554 0.9914444324988257
vn 1.2141692507921511e-16 0.13052944980762554 0.9914444324988257
vn -0.4074387008557274 0.11920374334599346 0.9054193352349504
vn -0.40743565312338437 0.11919891942636539 0.9054213417914933
vn -0.4074398157051294 -0.8437147206367768 -0.3494828561731978
vn -0.4074360861143989 -0.8437186202973077 -0.349477789702562
vn 1 0 -1.2246467991473532e-16
vn 1 0 -1.2246467991473532e-16
vn 1 0 -1.2246467991473532e-16
vn 1 0 -1.2246467991473532e-16
vn 1 0 -1.2246467991473532e-16
vn 1 0 -1.2246467991473532e-16
vn 1 0 -1.2246467991473532e-16
vn 1 0 -1.2246467991473532e-16
vn 1 0 -1.2246467991473532e-16
vn 1 0 -1.2246467991473532e-16
vn 1 0 -1.2246467991473532e-16
vn 1 0 -1.2246467991473532e-16
vn 1 0 -1.2246467991473532e-16
vn 1 0 -1.2246467991473532e-16
vn 1 0 -1.2246467991473532e-16
vn 1 0 -1.2246467991473532e-16
vn 1 0 -1.2246467991473532e-16
vn 1 0 -1.2246467991473532e-16
vn 1 0 -1.2246467991473532e-16
vn 1 0 -1.2246467991473532e-16
vn 1 0 -1.2246467991473532e-16
vn 1 0 -1.2246467991473532e-16
vn 0.4074389479698161 0.11919872755747439 0.9054198843773692
vn 0.4074359002396237 0.11920390644119794 0.9054205740345675
vn 0.4074360861143989 -0.8437186202973077 0.349477789702562
vn 0.4074398157051294 -0.8437147206367768 0.3494828561731978
vn 0.4074394206185822 -0.724514941714985 0.5559417395354715
vn 0.4074338775414926 -0.7245224889469597 0.5559359661342366
vn 0.4074359002396237 -0.11920390644119797 0.9054205740345675
vn 0.4074389479698161 -0.11919872755747443 0.9054198843773692
vn 0.4074359002396236 -0.9054205740345675 -0.11920390644119842
vn 0.40743894796981617 -0.9054198843773693 -0.11919872755747474
vn 0.40743951331267647 -0.8437172076470143 -0.3494772045668424
vn 0.40743578372049366 -0.8437163825681473 -0.3494835445771192
vn 0.40743870085572764 -0.9054193352349504 0.11920374334599368
vn 0.4074356531233845 -0.9054213417914933 0.11919891942636544
vn 0.40743951331267675 -0.34947720456684217 0.8437172076470143
vn 0.40743578372049377 -0.349483544577119 0.8437163825681471
vn 0.4074343269874784 -0.5559431229556117 0.7245167446171429
vn 0.40743987004877286 -0.5559343386024133 0.7245203678692107
vn 0.4074343269874782 -0.7245167446171431 -0.5559431229556115
vn 0.40743987004877263 -0.7245203678692108 -0.5559343386024134
vn 0.40743987004877286 0.5559343386024133 -0.7245203678692107
vn 0.4074343269874781 0.555943122955612 -0.7245167446171428
vn 0.4074343269874783 -0.5559431229556117 -0.724516744617143
vn 0.40743987004877275 -0.5559343386024134 -0.7245203678692107
vn 0.407436086114399 0.8437186202973073 0.3494777897025624
vn 0.40743981570512944 0.8437147206367765 0.3494828561731981
vn 0.4074398700487731 0.5559343386024133 0.7245203678692106
vn 0.40743432698747833 0.555943122955612 0.7245167446171428
vn 0.407438700855728 0.9054193352349503 0.11920374334599401
vn 0.40743565312338476 0.9054213417914931 0.11919891942636571
vn 0.40743578372049377 0.34948354457711905 0.8437163825681471
vn 0.40743951331267675 0.34947720456684206 0.8437172076470142
vn 0.4074359002396235 -0.11920390644119794 -0.9054205740345675
vn 0.4074389479698159 -0.11919872755747439 -0.9054198843773692
vn 0.40743578372049366 0.34948354457711905 -0.8437163825681473
vn 0.4074395133126765 0.34947720456684206 -0.8437172076470142
vn 0.4074343269874781 0.7245167446171432 -0.5559431229556114
vn 0.40743987004877286 0.7245203678692111 -0.5559343386024129
vn 0.40743590023962395 0.9054205740345674 -0.1192039064411986
vn 0.4074389479698164 0.905419884377369 -0.1191987275574748
vn 0.4074395133126765 -0.34947720456684217 -0.8437172076470143
vn 0.40743578372049366 -0.3494835445771191 -0.8437163825681473
vn 0.40743951331267664 0.8437172076470141 -0.3494772045668428
vn 0.4074357837204939 0.8437163825681471 -0.3494835445771195
vn 0.4074387008557274 0.11920374334599346 -0.9054193352349504
vn 0.40743565312338437 0.11919891942636539 -0.9054213417914933
vn 0.40743942061858224 0.724514941714985 0.5559417395354715
vn 0.40743387754149235 0.7245224889469599 0.5559359661342362
usemtl none
f 1/1/1 2/2/1 3/3/1
f 2/4/2 1/5/2 4/6/2
f 2/7/3 4/8/3 5/9/3
f 5/10/4 4/11/4 6/12/4
f 5/13/5 6/14/5 7/15/5
f 7/16/6 6/17/6 8/18/6
f 7/19/7 8/20/7 9/21/7
f 9/22/8 8/23/8 10/24/8
f 9/25/9 10/26/9 11/27/9
f 11/28/10 10/29/10 12/30/10
f 11/31/11 12/32/11 13/33/11
f 13/34/12 12/35/12 14/36/12
f 13/37/13 14/38/13 15/39/13
f 15/40/14 14/41/14 16/42/14
f 15/43/15 16/44/15 17/45/15
f 17/46/16 16/47/16 18/48/16
f 17/49/17 18/50/17 19/51/17
f 19/52/18 18/53/18 20/54/18
f 19/55/19 20/56/19 21/57/19
f 21/58/20 20/59/20 22/60/20
f 21/61/21 22/62/21 23/63/21
f 23/64/22 22/65/22 24/66/22
f 25/67/23 18/68/23 26/69/23
f 18/70/24 27/71/24 26/72/24
f 18/73/25 25/74/25 20/75/25
f 27/76/26 18/77/26 16/78/26
f 28/79/27 20/80/27 25/81/27
f 16/82/28 29/83/28 27/84/28
f 20/85/29 28/86/29 22/87/29
f 29/88/30 16/89/30 14/90/30
f 14/91/31 30/92/31 29/93/31
f 30/94/32 14/95/32 12/96/32
f 12/97/33 31/98/33 30/99/33
f 31/100/34 12/101/34 10/102/34
f 10/103/35 32/104/35 31/105/35
f 32/106/36 10/107/36 8/108/36
f 8/109/37 33/110/37 32/111/37
f 33/112/38 8/113/38 6/114/38
f 6/115/39 34/116/39 33/117/39
f 34/118/40 6/119/40 4/120/40
f 4/121/41 35/122/41 34/123/41
f 35/124/42 4/125/42 1/126/42
f 1/127/43 36/128/43 35/129/43
f 36/130/44 1/131/44 3/132/44
f 2/133/45 36/134/45 3/135/45
f 36/136/46 2/137/46 37/138/46
f 5/139/47 37/140/47 2/141/47
f 37/142/48 5/143/48 38/144/48
f 7/145/49 38/146/49 5/147/49
f 38/148/50 7/149/50 39/150/50
f 9/151/51 39/152/51 7/153/51
f 39/154/52 9/155/52 40/156/52
f 9/157/53 41/158/53 40/159/53
f 41/160/54 9/161/54 11/162/54
f 13/163/55 41/164/55 11/165/55
f 41/166/56 13/167/56 42/168/56
f 13/169/57 43/170/57 42/171/57
f 43/172/58 13/173/58 15/174/58
f 17/175/59 43/176/59 15/177/59
f 43/178/60 17/179/60 44/180/60
f 17/181/61 45/182/61 44/183/61
f 45/184/62 17/185/62 19/186/62
f 19/187/63 46/188/63 45/189/63
f 46/190/64 19/191/64 21/192/64
f 21/193/65 47/194/65 46/195/65
f 47/196/66 21/197/66 23/198/66
f 23/199/67 48/200/67 47/201/67
f 48/202/68 23/203/68 24/204/68
f 22/205/69 48/206/69 24/207/69
f 48/208/70 22/209/70 28/210/70
f 49/211/71 50/212/71 51/213/71
f 50/214/72 49/215/72 52/216/72
f 50/217/73 52/218/73 53/219/73
f 53/220/74 52/221/74 54/222/74
f 53/223/75 54/224/75 55/225/75
f 55/226/76 54/227/76 56/228/76
f 54/229/77 57/230/77 56/231/77
f 55/232/78 56/233/78 58/234/78
f 57/235/79 54/236/79 59/237/79
f 57/238/80 59/239/80 60/240/80
f 60/241/81 59/242/81 61/243/81
f 55/244/82 58/245/82 62/246/82
f 62/247/83 58/248/83 63/249/83
f 62/250/84 63/251/84 39/252/84
f 61/253/85 59/254/85 64/255/85
f 61/256/86 64/257/86 32/258/86
f 32/259/87 64/260/87 65/261/87
f 65/262/88 64/263/88 66/264/88
f 65/265/89 66/266/89 67/267/89
f 62/268/90 39/269/90 68/270/90
f 68/271/91 39/272/91 69/273/91
f 68/274/92 69/275/92 41/276/92
f 67/277/93 66/278/93 70/279/93
f 67/280/94 70/281/94 71/282/94
f 71/283/95 70/284/95 27/285/95
f 68/286/96 41/287/96 72/288/96
f 72/289/97 41/290/97 73/291/97
f 72/292/98 73/293/98 43/294/98
f 72/295/99 43/296/99 74/297/99
f 74/298/100 43/299/100 75/300/100
f 27/301/101 70/302/101 76/303/101
f 27/304/102 76/305/102 77/306/102
f 77/307/103 76/308/103 78/309/103
f 74/310/104 75/311/104 79/312/104
f 79/313/105 75/314/105 45/315/105
f 79/316/106 45/317/106 80/318/106
f 78/319/107 76/320/107 81/321/107
f 79/322/108 80/323/108 82/324/108
f 78/325/109 81/326/109 83/327/109
f 82/328/110 80/329/110 84/330/110
f 83/331/111 81/332/111 85/333/111
f 82/334/112 84/335/112 85/336/112
f 82/337/113 85/338/113 81/339/113
f 82/340/114 81/341/114 86/342/114
f 82/343/115 86/344/115 87/345/115
f 87/346/116 86/347/116 88/348/116
f 87/349/117 88/350/117 89/351/117
f 89/352/118 88/353/118 90/354/118
f 91/355/119 92/356/119 93/357/119
f 92/358/120 91/359/120 94/360/120
f 95/361/121 96/362/121 97/363/121
f 96/364/122 95/365/122 98/366/122
f 99/367/123 100/368/123 101/369/123
f 100/370/124 99/371/124 102/372/124
f 103/373/125 98/374/125 95/375/125
f 98/376/126 103/377/126 104/378/126
f 105/379/127 106/380/127 107/381/127
f 106/382/128 105/383/128 108/384/128
f 109/385/129 110/386/129 111/387/129
f 110/388/130 109/389/130 112/390/130
f 113/391/131 114/392/131 115/393/131
f 114/394/132 113/395/132 116/396/132
f 117/397/133 118/398/133 119/399/133
f 118/400/134 117/401/134 120/402/134
f 121/403/135 122/404/135 123/405/135
f 122/406/136 121/407/136 124/408/136
f 97/409/137 125/410/137 126/411/137
f 125/412/138 97/413/138 96/414/138
f 110/415/139 127/416/139 128/417/139
f 127/418/140 110/419/140 112/420/140
f 129/421/141 112/422/141 109/423/141
f 112/424/142 129/425/142 104/426/142
f 130/427/143 131/428/143 124/429/143
f 131/430/144 130/431/144 132/432/144
f 107/433/145 133/434/145 99/435/145
f 133/436/146 107/437/146 106/438/146
f 133/439/147 102/440/147 99/441/147
f 102/442/148 133/443/148 134/444/148
f 112/445/149 103/446/149 127/447/149
f 103/448/150 112/449/150 104/450/150
f 135/451/151 119/452/151 136/453/151
f 119/454/152 135/455/152 117/456/152
f 125/457/153 137/458/153 116/459/153
f 137/460/154 125/461/154 138/462/154
f 139/463/155 94/464/155 91/465/155
f 94/466/156 139/467/156 140/468/156
f 124/469/157 141/470/157 122/471/157
f 141/472/158 124/473/158 131/474/158
f 134/475/159 136/476/159 102/477/159
f 136/478/160 134/479/160 135/480/160
f 126/481/161 116/482/161 113/483/161
f 116/484/162 126/485/162 125/486/162
f 116/487/163 142/488/163 114/489/163
f 142/490/164 116/491/164 137/492/164
f 143/493/165 144/494/165 145/495/165
f 144/496/166 143/497/166 146/498/166
f 114/499/167 146/500/167 143/501/167
f 146/502/168 114/503/168 142/504/168
f 122/505/169 92/506/169 94/507/169
f 92/508/170 122/509/170 141/510/170
f 147/511/171 124/512/171 121/513/171
f 124/514/172 147/515/172 130/516/172
f 115/517/173 143/518/173 148/519/173
f 143/520/174 115/521/174 114/522/174
f 149/523/175 150/524/175 151/525/175
f 150/526/176 149/527/176 152/528/176
f 148/529/177 145/530/177 153/531/177
f 145/532/178 148/533/178 143/534/178
f 123/535/179 94/536/179 140/537/179
f 94/538/180 123/539/180 122/540/180
f 101/541/181 107/542/181 99/543/181
f 107/544/182 101/545/182 154/546/182
f 136/547/183 155/548/183 156/549/183
f 155/550/184 136/551/184 119/552/184
f 98/553/185 157/554/185 96/555/185
f 157/556/186 98/557/186 158/558/186
f 104/559/187 158/560/187 98/561/187
f 158/562/188 104/563/188 129/564/188
f 119/565/189 159/566/189 155/567/189
f 159/568/190 119/569/190 118/570/190
f 145/571/191 160/572/191 152/573/191
f 160/574/192 145/575/192 144/576/192
f 120/577/193 91/578/193 118/579/193
f 91/580/194 120/581/194 139/582/194
f 154/583/195 105/584/195 107/585/195
f 105/586/196 154/587/196 161/588/196
f 128/589/197 131/590/197 132/591/197
f 131/592/198 128/593/198 127/594/198
f 131/595/199 127/596/199 141/597/199
f 141/598/200 127/599/200 103/600/200
f 141/601/201 103/602/201 162/603/201
f 162/604/202 92/605/202 141/606/202
f 162/607/203 103/608/203 163/609/203
f 92/610/204 162/611/204 164/612/204
f 163/613/205 103/614/205 95/615/205
f 92/616/206 164/617/206 93/618/206
f 163/619/207 95/620/207 165/621/207
f 165/622/208 95/623/208 54/624/208
f 54/625/209 95/626/209 59/627/209
f 59/628/210 95/629/210 97/630/210
f 59/631/211 97/632/211 166/633/211
f 166/634/212 97/635/212 126/636/212
f 166/637/213 126/638/213 167/639/213
f 93/640/214 164/641/214 53/642/214
f 93/643/215 53/644/215 55/645/215
f 93/646/216 55/647/216 62/648/216
f 93/649/217 62/650/217 159/651/217
f 159/652/218 62/653/218 68/654/218
f 167/655/219 126/656/219 113/657/219
f 167/658/220 113/659/220 168/660/220
f 168/661/221 113/662/221 76/663/221
f 76/664/222 113/665/222 115/666/222
f 76/667/223 115/668/223 81/669/223
f 159/670/224 68/671/224 155/672/224
f 155/673/225 68/674/225 169/675/225
f 155/676/226 169/677/226 74/678/226
f 155/679/227 74/680/227 156/681/227
f 156/682/228 74/683/228 79/684/228
f 156/685/229 79/686/229 100/687/229
f 100/688/230 79/689/230 82/690/230
f 81/691/231 115/692/231 148/693/231
f 100/694/232 82/695/232 101/696/232
f 81/697/233 148/698/233 170/699/233
f 170/700/234 148/701/234 171/702/234
f 101/703/235 82/704/235 87/705/235
f 101/706/236 87/707/236 172/708/236
f 171/709/237 148/710/237 173/711/237
f 101/712/238 172/713/238 173/714/238
f 173/715/239 148/716/239 153/717/239
f 101/718/240 173/719/240 154/720/240
f 154/721/241 173/722/241 153/723/241
f 154/724/242 153/725/242 149/726/242
f 154/727/243 149/728/243 161/729/243
f 161/730/244 149/731/244 151/732/244
f 150/733/245 108/734/245 105/735/245
f 108/736/246 150/737/246 174/738/246
f 153/739/247 152/740/247 149/741/247
f 152/742/248 153/743/248 145/744/248
f 161/745/249 150/746/249 105/747/249
f 150/748/250 161/749/250 151/750/250
f 96/751/251 138/752/251 125/753/251
f 138/754/252 96/755/252 157/756/252
f 118/757/253 93/758/253 159/759/253
f 93/760/254 118/761/254 91/762/254
f 152/763/255 174/764/255 150/765/255
f 174/766/256 152/767/256 160/768/256
f 111/769/257 130/770/257 147/771/257
f 130/772/258 111/773/258 110/774/258
f 110/775/259 132/776/259 130/777/259
f 132/778/260 110/779/260 128/780/260
f 102/781/261 156/782/261 100/783/261
f 156/784/262 102/785/262 136/786/262
f 175/787/263 176/788/263 177/789/263
f 176/790/264 175/791/264 178/792/264
f 178/793/265 175/794/265 179/795/265
f 178/796/266 179/797/266 180/798/266
f 178/799/267 180/800/267 181/801/267
f 181/802/268 180/803/268 182/804/268
f 181/805/269 182/806/269 183/807/269
f 183/808/270 182/809/270 184/810/270
f 183/811/271 184/812/271 185/813/271
f 185/814/272 184/815/272 186/816/272
f 185/817/273 186/818/273 187/819/273
f 187/820/274 186/821/274 188/822/274
f 187/823/275 188/824/275 189/825/275
f 189/826/276 188/827/276 190/828/276
f 189/829/277 190/830/277 191/831/277
f 191/832/278 190/833/278 192/834/278
f 191/835/279 192/836/279 193/837/279
f 193/838/280 192/839/280 194/840/280
f 193/841/281 194/842/281 195/843/281
f 195/844/282 194/845/282 196/846/282
f 195/847/283 196/848/283 197/849/283
f 197/850/284 196/851/284 198/852/284
f 176/853/285 147/854/285 177/855/285
f 147/856/286 176/857/286 111/858/286
f 184/859/287 139/860/287 120/861/287
f 139/862/288 184/863/288 182/864/288
f 182/865/289 140/866/289 139/867/289
f 140/868/290 182/869/290 180/870/290
f 175/871/291 147/872/291 121/873/291
f 147/874/292 175/875/292 177/876/292
f 188/877/293 117/878/293 135/879/293
f 117/880/294 188/881/294 186/882/294
f 190/883/295 135/884/295 134/885/295
f 135/886/296 190/887/296 188/888/296
f 186/889/297 120/890/297 117/891/297
f 120/892/298 186/893/298 184/894/298
f 179/895/299 121/896/299 123/897/299
f 121/898/300 179/899/300 175/900/300
f 180/901/301 123/902/301 140/903/301
f 123/904/302 180/905/302 179/906/302
f 192/907/303 134/908/303 133/909/303
f 134/910/304 192/911/304 190/912/304
f 144/913/305 193/914/305 195/915/305
f 193/916/306 144/917/306 146/918/306
f 106/919/307 192/920/307 133/921/307
f 192/922/308 106/923/308 194/924/308
f 158/925/309 185/926/309 157/927/309
f 185/928/310 158/929/310 183/930/310
f 181/931/311 109/932/311 178/933/311
f 109/934/312 181/935/312 129/936/312
f 157/937/313 187/938/313 138/939/313
f 187/940/314 157/941/314 185/942/314
f 178/943/315 111/944/315 176/945/315
f 111/946/316 178/947/316 109/948/316
f 174/949/317 196/950/317 108/951/317
f 196/952/318 174/953/318 198/954/318
f 160/955/319 195/956/319 197/957/319
f 195/958/320 160/959/320 144/960/320
f 142/961/321 193/962/321 146/963/321
f 193/964/322 142/965/322 191/966/322
f 138/967/323 189/968/323 137/969/323
f 189/970/324 138/971/324 187/972/324
f 108/973/325 194/974/325 106/975/325
f 194/976/326 108/977/326 196/978/326
f 137/979/327 191/980/327 142/981/327
f 191/982/328 137/983/328 189/984/328
f 160/985/329 198/986/329 174/987/329
f 198/988/330 160/989/330 197/990/330
f 129/991/331 183/992/331 158/993/331
f 183/994/332 129/995/332 181/996/332
o wheel-default
v 0.9 0.33588625 -1.537720625
v 0.9 0.28911375 -1.537720625
v 0.9 0.3125 -1.53464125
v 0.9 0.357679375 -1.5467475
v 0.9 0.267320625 -1.5467475
v 0.9 0.376393125 -1.561106875
v 0.9 0.248606875 -1.561106875
v 0.9 0.3907525 -1.579820625
v 0.9 0.2342475 -1.579820625
v 0.9 0.399779375 -1.60161375
v 0.9 0.225220625 -1.60161375
v 0.9 0.40285875 -1.625
v 0.9 0.22214125 -1.625
v 0.9 0.399779375 -1.64838625
v 0.9 0.225220625 -1.64838625
v 0.9 0.3907525 -1.670179375
v 0.9 0.2342475 -1.670179375
v 0.9 0.376393125 -1.6888931249999999
v 0.9 0.248606875 -1.6888931249999999
v 0.9 0.357679375 -1.7032525
v 0.9 0.267320625 -1.7032525
v 0.9 0.33588625 -1.712279375
v 0.9 0.28911375 -1.712279375
v 0.9 0.3125 -1.71535875
v 0.95 0.37273875 -1.729336875
v 0.95 0.397690625 -1.710190625
v 0.95 0.416836875 -1.68523875
v 0.9500000000000001 0.343681875 -1.7413725
v 0.95 0.4288725 -1.656181875
v 0.95 0.432978125 -1.625
v 0.95 0.4288725 -1.5938181249999999
v 0.95 0.416836875 -1.5647612499999999
v 0.95 0.397690625 -1.539809375
v 0.95 0.37273875 -1.520663125
v 0.95 0.343681875 -1.5086275
v 0.95 0.3125 -1.504521875
v 0.95 0.281318125 -1.5086275
v 0.95 0.25226125 -1.520663125
v 0.95 0.227309375 -1.539809375
v 0.95 0.208163125 -1.5647612499999999
v 0.95 0.1961275 -1.5938181249999999
v 0.95 0.192021875 -1.625
v 0.95 0.1961275 -1.656181875
v 0.95 0.208163125 -1.68523875
v 0.95 0.227309375 -1.710190625
v 0.95 0.25226125 -1.729336875
v 0.9500000000000001 0.281318125 -1.7413725
v 0.9500000000000001 0.3125 -1.745478125
v 0.95 0.35944125 -1.449811875
v 0.95 0.26555875 -1.449811875
v 0.95 0.3125 -1.443631875
v 0.95 0.403184375 -1.467930625
v 0.95 0.221815625 -1.467930625
v 0.95 0.440746875 -1.496753125
v 0.95 0.184253125 -1.496753125
v 0.95 0.3125 -1.504521875
v 0.95 0.343681875 -1.5086275
v 0.95 0.281318125 -1.5086275
v 0.95 0.469569375 -1.534315625
v 0.95 0.37273875 -1.520663125
v 0.95 0.397690625 -1.539809375
v 0.95 0.155430625 -1.534315625
v 0.95 0.25226125 -1.520663125
v 0.95 0.487688125 -1.57805875
v 0.95 0.4288725 -1.5938181249999999
v 0.95 0.493868125 -1.625
v 0.95 0.432978125 -1.625
v 0.95 0.137311875 -1.57805875
v 0.95 0.208163125 -1.5647612499999999
v 0.95 0.487688125 -1.67194125
v 0.95 0.4288725 -1.656181875
v 0.95 0.131131875 -1.625
v 0.95 0.192021875 -1.625
v 0.95 0.137311875 -1.67194125
v 0.95 0.208163125 -1.68523875
v 0.95 0.469569375 -1.715684375
v 0.95 0.397690625 -1.710190625
v 0.95 0.37273875 -1.729336875
v 0.95 0.155430625 -1.715684375
v 0.95 0.25226125 -1.729336875
v 0.9500000000000001 0.440746875 -1.7532468749999999
v 0.9500000000000001 0.184253125 -1.7532468749999999
v 0.9500000000000001 0.343681875 -1.7413725
v 0.9500000000000001 0.281318125 -1.7413725
v 0.9500000000000001 0.3125 -1.745478125
v 0.9500000000000001 0.403184375 -1.782069375
v 0.9500000000000001 0.221815625 -1.782069375
v 0.9500000000000001 0.35944125 -1.800188125
v 0.9500000000000001 0.26555875 -1.800188125
v 0.9500000000000001 0.3125 -1.8063681249999999
v 0.85 0.0526925 -1.475
v 0.95 0.1321875 -1.4446875
v 0.95 0.09166375 -1.4975
v 0.85 0.100368125 -1.412868125
v 0.95 0.53333625 -1.4975
v 0.85 0.6022775 -1.547354375
v 0.95 0.55881125 -1.55900125
v 0.85 0.5723075 -1.475
v 0.8500000000000001 0.100368125 -1.837131875
v 0.9500000000000001 0.09166375 -1.7525
v 0.9500000000000001 0.1321875 -1.8053124999999999
v 0.85 0.0526925 -1.775
v 0.95 0.4928125 -1.4446875
v 0.85 0.524631875 -1.412868125
v 0.8500000000000001 0.234854375 -1.9147775
v 0.65 0.1625 -1.8848075
v 0.8500000000000001 0.1625 -1.8848075
v 0.65 0.234854375 -1.9147775
v 0.6499999999999999 0.4625 -1.3651925
v 0.85 0.390145625 -1.3352225
v 0.6499999999999999 0.390145625 -1.3352225
v 0.85 0.4625 -1.3651925
v 0.95 0.55881125 -1.6909987499999999
v 0.85 0.5723075 -1.775
v 0.9500000000000001 0.53333625 -1.7525
v 0.85 0.6022775 -1.702645625
v 0.65 0.0125 -1.625
v 0.85 0.0227225 -1.547354375
v 0.85 0.0125 -1.625
v 0.65 0.0227225 -1.547354375
v 0.6499999999999999 0.234854375 -1.3352225
v 0.85 0.1625 -1.3651925
v 0.6499999999999999 0.1625 -1.3651925
v 0.85 0.234854375 -1.3352225
v 0.85 0.6125 -1.625
v 0.95 0.5675 -1.625
v 0.95 0.44 -1.40416375
v 0.95 0.37849875 -1.37868875
v 0.6499999999999999 0.524631875 -1.412868125
v 0.85 0.3125 -1.325
v 0.95 0.24650125 -1.37868875
v 0.95 0.3125 -1.37
v 0.65 0.100368125 -1.837131875
v 0.65 0.0526925 -1.775
v 0.65 0.0227225 -1.702645625
v 0.85 0.0227225 -1.702645625
v 0.65 0.6022775 -1.702645625
v 0.65 0.6125 -1.625
v 0.65 0.0526925 -1.475
v 0.6499999999999999 0.100368125 -1.412868125
v 0.95 0.185 -1.40416375
v 0.65 0.5723075 -1.775
v 0.8500000000000001 0.524631875 -1.837131875
v 0.65 0.4625 -1.8848075
v 0.8500000000000001 0.4625 -1.8848075
v 0.65 0.524631875 -1.837131875
v 0.6499999999999999 0.3125 -1.325
v 0.9500000000000001 0.4928125 -1.8053124999999999
v 0.9500000000000001 0.37849875 -1.87131125
v 0.8500000000000001 0.3125 -1.925
v 0.9500000000000001 0.3125 -1.88
v 0.8500000000000001 0.390145625 -1.9147775
v 0.9500000000000001 0.44 -1.84583625
v 0.9500000000000001 0.185 -1.84583625
v 0.95 0.0575 -1.625
v 0.95 0.06618875 -1.6909987499999999
v 0.65 0.6022775 -1.547354375
v 0.65 0.5723075 -1.475
v 0.95 0.06618875 -1.55900125
v 0.65 0.390145625 -1.9147775
v 0.9500000000000001 0.24650125 -1.87131125
v 0.95 0.3125 -1.443631875
v 0.95 0.35944125 -1.449811875
v 0.95 0.26555875 -1.449811875
v 0.95 0.403184375 -1.467930625
v 0.95 0.487688125 -1.57805875
v 0.95 0.493868125 -1.625
v 0.95 0.487688125 -1.67194125
v 0.95 0.131131875 -1.625
v 0.9500000000000001 0.403184375 -1.782069375
v 0.9500000000000001 0.35944125 -1.800188125
v 0.9500000000000001 0.26555875 -1.800188125
v 0.9500000000000001 0.3125 -1.8063681249999999
v 0.65 0.3125 -1.925
v 0.5499999999999999 0.24650125 -1.37868875
v 0.5499999999999999 0.37849875 -1.37868875
v 0.5499999999999999 0.3125 -1.37
v 0.5499999999999999 0.44 -1.40416375
v 0.5499999999999999 0.185 -1.40416375
v 0.5499999999999999 0.1321875 -1.4446875000000001
v 0.5499999999999999 0.4928125 -1.4446875000000001
v 0.5499999999999999 0.09166375 -1.4975
v 0.5499999999999999 0.53333625 -1.4975
v 0.55 0.06618875 -1.5590012500000001
v 0.55 0.55881125 -1.5590012500000001
v 0.55 0.0575 -1.625
v 0.55 0.5675 -1.625
v 0.55 0.06618875 -1.69099875
v 0.55 0.55881125 -1.69099875
v 0.55 0.09166375 -1.7525
v 0.55 0.53333625 -1.7525
v 0.55 0.1321875 -1.8053125
v 0.55 0.4928125 -1.8053125
v 0.55 0.185 -1.84583625
v 0.55 0.44 -1.84583625
v 0.55 0.24650125 -1.87131125
v 0.55 0.37849875 -1.87131125
v 0.55 0.3125 -1.88
vt 0.09375 0.275
vt 0.09375 0.29059124999999997
vt 0.09375 0.275
vt 0.09375 0.29059124999999997
vt 0.09375 0.275
vt 0.09375 0.30511937499999997
vt 0.09375 0.30511937499999997
vt 0.09375 0.275
vt 0.09375 0.275
vt 0.09375 0.30511937499999997
vt 0.09375 0.275
vt 0.09375 0.31759562500000005
vt 0.09375 0.31759562500000005
vt 0.09375 0.275
vt 0.09375 0.275
vt 0.09375 0.31759562500000005
vt 0.09375 0.275
vt 0.09375 0.32716875
vt 0.09375 0.32716875
vt 0.09375 0.275
vt 0.09375 0.275
vt 0.09375 0.32716875
vt 0.09375 0.275
vt 0.09375 0.33318625
vt 0.09375 0.33318625
vt 0.09375 0.275
vt 0.09375 0.275
vt 0.09375 0.33318625
vt 0.09375 0.275
vt 0.09375 0.33523875000000003
vt 0.09375 0.33523875000000003
vt 0.09375 0.275
vt 0.09375 0.275
vt 0.09375 0.33523875000000003
vt 0.09375 0.275
vt 0.09375 0.33318625
vt 0.09375 0.33318625
vt 0.09375 0.275
vt 0.09375 0.275
vt 0.09375 0.33318625
vt 0.09375 0.275
vt 0.09375 0.32716875
vt 0.09375 0.32716875
vt 0.09375 0.275
vt 0.09375 0.275
vt 0.09375 0.32716875
vt 0.09375 0.275
vt 0.09375 0.31759562500000005
vt 0.09375 0.31759562500000005
vt 0.09375 0.275
vt 0.09375 0.275
vt 0.09375 0.31759562500000005
vt 0.09375 0.275
vt 0.09375 0.30511937499999997
vt 0.09375 0.30511937499999997
vt 0.09375 0.275
vt 0.09375 0.275
vt 0.09375 0.30511937499999997
vt 0.09375 0.275
vt 0.09375 0.29059124999999997
vt 0.09375 0.29059124999999997
vt 0.09375 0.275
vt 0.09375 0.275
vt 0.09375 0.29059124999999997
vt 0.09375 0.275
vt 0.09375 0.275
vt 0.09375 0.31759562500000005
vt 0.09375 0.315159375
vt 0.09375 0.33179375
vt 0.09375 0.34455812500000005
vt 0.09375 0.31759562500000005
vt 0.09375 0.33179375
vt 0.09375 0.315159375
vt 0.09375 0.31759562500000005
vt 0.09375 0.30511937499999997
vt 0.09375 0.31759562500000005
vt 0.09375 0.34455812500000005
vt 0.09375 0.32716875
vt 0.09375 0.30511937499999997
vt 0.09375 0.29578812499999996
vt 0.09375 0.315159375
vt 0.09375 0.35258187500000004
vt 0.09375 0.32716875
vt 0.09375 0.34455812500000005
vt 0.09375 0.29578812499999996
vt 0.09375 0.30511937499999997
vt 0.09375 0.29059124999999997
vt 0.09375 0.32716875
vt 0.09375 0.35258187500000004
vt 0.09375 0.33318625
vt 0.09375 0.35531875
vt 0.09375 0.33318625
vt 0.09375 0.35258187500000004
vt 0.09375 0.33318625
vt 0.09375 0.35531875
vt 0.09375 0.33523875000000003
vt 0.09375 0.35258187500000004
vt 0.09375 0.33523875000000003
vt 0.09375 0.35531875
vt 0.09375 0.33523875000000003
vt 0.09375 0.35258187500000004
vt 0.09375 0.33318625
vt 0.09375 0.34455812500000005
vt 0.09375 0.33318625
vt 0.09375 0.35258187500000004
vt 0.09375 0.33318625
vt 0.09375 0.34455812500000005
vt 0.09375 0.32716875
vt 0.09375 0.33179375
vt 0.09375 0.32716875
vt 0.09375 0.34455812500000005
vt 0.09375 0.32716875
vt 0.09375 0.33179375
vt 0.09375 0.31759562500000005
vt 0.09375 0.315159375
vt 0.09375 0.31759562500000005
vt 0.09375 0.33179375
vt 0.09375 0.31759562500000005
vt 0.09375 0.315159375
vt 0.09375 0.30511937499999997
vt 0.09375 0.29578812499999996
vt 0.09375 0.30511937499999997
vt 0.09375 0.315159375
vt 0.09375 0.30511937499999997
vt 0.09375 0.29578812499999996
vt 0.09375 0.29059124999999997
vt 0.09375 0.275
vt 0.09375 0.29059124999999997
vt 0.09375 0.29578812499999996
vt 0.09375 0.29059124999999997
vt 0.09375 0.275
vt 0.09375 0.275
vt 0.09375 0.275
vt 0.09375 0.275
vt 0.09375 0.275
vt 0.09375 0.275
vt 0.09375 0.275
vt 0.09375 0.275
vt 0.09375 0.275
vt 0.09375 0.275
vt 0.09375 0.275
vt 0.09375 0.275
vt 0.09375 0.275
vt 0.09375 0.275
vt 0.09375 0.275
vt 0.09375 0.275
vt 0.09375 0.275
vt 0.09375 0.275
vt 0.09375 0.275
vt 0.09375 0.275
vt 0.09375 0.275
vt 0.09375 0.275
vt 0.09375 0.275
vt 0.09375 0.275
vt 0.09375 0.275
vt 0.09375 0.275
vt 0.09375 0.275
vt 0.09375 0.275
vt 0.09375 0.275
vt 0.09375 0.275
vt 0.09375 0.275
vt 0.09375 0.275
vt 0.09375 0.275
vt 0.09375 0.275
vt 0.09375 0.275
vt 0.09375 0.275
vt 0.09375 0.275
vt 0.09375 0.275
vt 0.09375 0.275
vt 0.09375 0.275
vt 0.09375 0.275
vt 0.09375 0.275
vt 0.09375 0.275
vt 0.09375 0.275
vt 0.09375 0.275
vt 0.09375 0.275
vt 0.09375 0.275
vt 0.09375 0.275
vt 0.09375 0.275
vt 0.09375 0.275
vt 0.09375 0.275
vt 0.09375 0.275
vt 0.09375 0.275
vt 0.09375 0.275
vt 0.09375 0.275
vt 0.09375 0.275
vt 0.09375 0.275
vt 0.09375 0.275
vt 0.09375 0.275
vt 0.09375 0.275
vt 0.09375 0.275
vt 0.09375 0.275
vt 0.09375 0.275
vt 0.09375 0.275
vt 0.09375 0.275
vt 0.09375 0.275
vt 0.09375 0.275
vt 0.09375 0.275
vt 0.09375 0.275
vt 0.09375 0.275
vt 0.09375 0.275
vt 0.09375 0.275
vt 0.09375 0.275
vt 0.09375 0.275
vt 0.09375 0.275
vt 0.09375 0.29059124999999997
vt 0.09375 0.275
vt 0.09375 0.29059124999999997
vt 0.09375 0.275
vt 0.09375 0.29578812499999996
vt 0.09375 0.34911812499999995
vt 0.09375 0.40088187500000005
vt 0.09375 0.375
vt 0.09375 0.40088187500000005
vt 0.09375 0.34911812499999995
vt 0.09375 0.42500000000000004
vt 0.09375 0.42500000000000004
vt 0.09375 0.34911812499999995
vt 0.09375 0.32499999999999996
vt 0.09375 0.42500000000000004
vt 0.09375 0.32499999999999996
vt 0.09375 0.445710625
vt 0.09375 0.445710625
vt 0.09375 0.32499999999999996
vt 0.09375 0.304289375
vt 0.09375 0.445710625
vt 0.09375 0.304289375
vt 0.09375 0.375
vt 0.09375 0.39219250000000005
vt 0.09375 0.445710625
vt 0.09375 0.375
vt 0.09375 0.375
vt 0.09375 0.304289375
vt 0.09375 0.35780749999999995
vt 0.09375 0.445710625
vt 0.09375 0.39219250000000005
vt 0.09375 0.4616025
vt 0.09375 0.4616025
vt 0.09375 0.39219250000000005
vt 0.09375 0.40821375000000004
vt 0.09375 0.4616025
vt 0.09375 0.40821375000000004
vt 0.09375 0.42197125
vt 0.09375 0.35780749999999995
vt 0.09375 0.304289375
vt 0.09375 0.2883975
vt 0.09375 0.35780749999999995
vt 0.09375 0.2883975
vt 0.09375 0.34178624999999996
vt 0.09375 0.34178624999999996
vt 0.09375 0.2883975
vt 0.09375 0.32802875
vt 0.09375 0.4616025
vt 0.09375 0.42197125
vt 0.09375 0.47159249999999997
vt 0.09375 0.47159249999999997
vt 0.09375 0.42197125
vt 0.09375 0.43252749999999995
vt 0.09375 0.47159249999999997
vt 0.09375 0.43252749999999995
vt 0.09375 0.43916374999999996
vt 0.09375 0.47159249999999997
vt 0.09375 0.43916374999999996
vt 0.09375 0.475
vt 0.09375 0.475
vt 0.09375 0.43916374999999996
vt 0.09375 0.4414275
vt 0.09375 0.32802875
vt 0.09375 0.2883975
vt 0.09375 0.27840750000000003
vt 0.09375 0.32802875
vt 0.09375 0.27840750000000003
vt 0.09375 0.31747250000000005
vt 0.09375 0.31747250000000005
vt 0.09375 0.27840750000000003
vt 0.09375 0.31083625000000004
vt 0.09375 0.475
vt 0.09375 0.4414275
vt 0.09375 0.47159249999999997
vt 0.09375 0.47159249999999997
vt 0.09375 0.4414275
vt 0.09375 0.43916374999999996
vt 0.09375 0.47159249999999997
vt 0.09375 0.43916374999999996
vt 0.09375 0.43252749999999995
vt 0.09375 0.31083625000000004
vt 0.09375 0.27840750000000003
vt 0.09375 0.275
vt 0.09375 0.31083625000000004
vt 0.09375 0.275
vt 0.09375 0.3085725
vt 0.09375 0.3085725
vt 0.09375 0.275
vt 0.09375 0.31083625000000004
vt 0.09375 0.31083625000000004
vt 0.09375 0.275
vt 0.09375 0.27840750000000003
vt 0.09375 0.31083625000000004
vt 0.09375 0.27840750000000003
vt 0.09375 0.31747250000000005
vt 0.09375 0.47159249999999997
vt 0.09375 0.43252749999999995
vt 0.09375 0.4616025
vt 0.09375 0.4616025
vt 0.09375 0.43252749999999995
vt 0.09375 0.42197125
vt 0.09375 0.4616025
vt 0.09375 0.42197125
vt 0.09375 0.40821375000000004
vt 0.09375 0.31747250000000005
vt 0.09375 0.27840750000000003
vt 0.09375 0.2883975
vt 0.09375 0.31747250000000005
vt 0.09375 0.2883975
vt 0.09375 0.32802875
vt 0.09375 0.32802875
vt 0.09375 0.2883975
vt 0.09375 0.34178624999999996
vt 0.09375 0.4616025
vt 0.09375 0.40821375000000004
vt 0.09375 0.445710625
vt 0.09375 0.34178624999999996
vt 0.09375 0.2883975
vt 0.09375 0.304289375
vt 0.09375 0.445710625
vt 0.09375 0.40821375000000004
vt 0.09375 0.39219250000000005
vt 0.09375 0.34178624999999996
vt 0.09375 0.304289375
vt 0.09375 0.35780749999999995
vt 0.09375 0.445710625
vt 0.09375 0.39219250000000005
vt 0.09375 0.375
vt 0.09375 0.35780749999999995
vt 0.09375 0.304289375
vt 0.09375 0.375
vt 0.09375 0.375
vt 0.09375 0.304289375
vt 0.09375 0.445710625
vt 0.09375 0.445710625
vt 0.09375 0.304289375
vt 0.09375 0.42500000000000004
vt 0.09375 0.42500000000000004
vt 0.09375 0.304289375
vt 0.09375 0.32499999999999996
vt 0.09375 0.42500000000000004
vt 0.09375 0.32499999999999996
vt 0.09375 0.40088187500000005
vt 0.09375 0.40088187500000005
vt 0.09375 0.32499999999999996
vt 0.09375 0.34911812499999995
vt 0.09375 0.40088187500000005
vt 0.09375 0.34911812499999995
vt 0.09375 0.375
vt 0.59375 0.025000000000000022
vt 0.59375 0.025000000000000022
vt 0.59375 0.025000000000000022
vt 0.59375 0.025000000000000022
vt 0.59375 0.025000000000000022
vt 0.59375 0.025000000000000022
vt 0.59375 0.21818499999999996
vt 0.59375 0.17222437499999999
vt 0.59375 0.18920749999999997
vt 0.59375 0.17222437499999999
vt 0.59375 0.21818499999999996
vt 0.59375 0.19820499999999996
vt 0.59375 0.025000000000000022
vt 0.59375 0.025000000000000022
vt 0.59375 0.025000000000000022
vt 0.59375 0.025000000000000022
vt 0.59375 0.025000000000000022
vt 0.59375 0.025000000000000022
vt 0.59375 0.19820499999999996
vt 0.59375 0.14520812500000002
vt 0.59375 0.17222437499999999
vt 0.59375 0.14520812500000002
vt 0.59375 0.19820499999999996
vt 0.59375 0.16642124999999997
vt 0.59375 0.025000000000000022
vt 0.59375 0.025000000000000022
vt 0.59375 0.025000000000000022
vt 0.59375 0.025000000000000022
vt 0.59375 0.025000000000000022
vt 0.59375 0.025000000000000022
vt 0.59375 0.07676375000000002
vt 0.59375 0.125
vt 0.59375 0.07676375000000002
vt 0.59375 0.125
vt 0.59375 0.07676375000000002
vt 0.59375 0.125
vt 0.59375 0.19820499999999996
vt 0.59375 0.18920749999999997
vt 0.59375 0.17222437499999999
vt 0.59375 0.18920749999999997
vt 0.59375 0.19820499999999996
vt 0.59375 0.21818499999999996
vt 0.59375 0.025000000000000022
vt 0.59375 0.025000000000000022
vt 0.59375 0.025000000000000022
vt 0.59375 0.025000000000000022
vt 0.59375 0.025000000000000022
vt 0.59375 0.025000000000000022
vt 0.59375 0.025000000000000022
vt 0.59375 0.025000000000000022
vt 0.59375 0.025000000000000022
vt 0.59375 0.025000000000000022
vt 0.59375 0.025000000000000022
vt 0.59375 0.025000000000000022
vt 0.59375 0.22499999999999998
vt 0.59375 0.18920749999999997
vt 0.59375 0.19499999999999995
vt 0.59375 0.18920749999999997
vt 0.59375 0.22499999999999998
vt 0.59375 0.21818499999999996
vt 0.59375 0.10999999999999999
vt 0.59375 0.07676375000000002
vt 0.59375 0.06899937499999997
vt 0.59375 0.07676375000000002
vt 0.59375 0.10999999999999999
vt 0.59375 0.125
vt 0.59375 0.125
vt 0.59375 0.16642124999999997
vt 0.59375 0.125
vt 0.59375 0.16642124999999997
vt 0.59375 0.125
vt 0.59375 0.16642124999999997
vt 0.59375 0.025000000000000022
vt 0.59375 0.025000000000000022
vt 0.59375 0.025000000000000022
vt 0.59375 0.025000000000000022
vt 0.59375 0.025000000000000022
vt 0.59375 0.025000000000000022
vt 0.59375 0.025000000000000022
vt 0.59375 0.025000000000000022
vt 0.59375 0.025000000000000022
vt 0.59375 0.025000000000000022
vt 0.59375 0.025000000000000022
vt 0.59375 0.025000000000000022
vt 0.59375 0.025000000000000022
vt 0.59375 0.025000000000000022
vt 0.59375 0.025000000000000022
vt 0.59375 0.025000000000000022
vt 0.59375 0.025000000000000022
vt 0.59375 0.025000000000000022
vt 0.59375 0.14520812500000002
vt 0.59375 0.125
vt 0.59375 0.10999999999999999
vt 0.59375 0.125
vt 0.59375 0.14520812500000002
vt 0.59375 0.16642124999999997
vt 0.59375 0.025000000000000022
vt 0.59375 0.025000000000000022
vt 0.59375 0.025000000000000022
vt 0.59375 0.025000000000000022
vt 0.59375 0.025000000000000022
vt 0.59375 0.025000000000000022
vt 0.59375 0.21818499999999996
vt 0.59375 0.22499999999999998
vt 0.59375 0.21818499999999996
vt 0.59375 0.22499999999999998
vt 0.59375 0.21818499999999996
vt 0.59375 0.22499999999999998
vt 0.59375 0.025000000000000022
vt 0.59375 0.025000000000000022
vt 0.59375 0.025000000000000022
vt 0.59375 0.025000000000000022
vt 0.59375 0.025000000000000022
vt 0.59375 0.025000000000000022
vt 0.59375 0.025000000000000022
vt 0.59375 0.025000000000000022
vt 0.59375 0.025000000000000022
vt 0.59375 0.025000000000000022
vt 0.59375 0.025000000000000022
vt 0.59375 0.025000000000000022
vt 0.59375 0.025000000000000022
vt 0.59375 0.025000000000000022
vt 0.59375 0.025000000000000022
vt 0.59375 0.025000000000000022
vt 0.59375 0.025000000000000022
vt 0.59375 0.025000000000000022
vt 0.59375 0.21818499999999996
vt 0.59375 0.19499999999999995
vt 0.59375 0.18920749999999997
vt 0.59375 0.19499999999999995
vt 0.59375 0.21818499999999996
vt 0.59375 0.22499999999999998
vt 0.59375 0.19820499999999996
vt 0.59375 0.21818499999999996
vt 0.59375 0.19820499999999996
vt 0.59375 0.21818499999999996
vt 0.59375 0.19820499999999996
vt 0.59375 0.21818499999999996
vt 0.59375 0.125
vt 0.59375 0.16642124999999997
vt 0.59375 0.125
vt 0.59375 0.16642124999999997
vt 0.59375 0.125
vt 0.59375 0.16642124999999997
vt 0.59375 0.16642124999999997
vt 0.59375 0.19820499999999996
vt 0.59375 0.16642124999999997
vt 0.59375 0.19820499999999996
vt 0.59375 0.16642124999999997
vt 0.59375 0.19820499999999996
vt 0.59375 0.025000000000000022
vt 0.59375 0.025000000000000022
vt 0.59375 0.025000000000000022
vt 0.59375 0.025000000000000022
vt 0.59375 0.025000000000000022
vt 0.59375 0.025000000000000022
vt 0.59375 0.025000000000000022
vt 0.59375 0.025000000000000022
vt 0.59375 0.025000000000000022
vt 0.59375 0.025000000000000022
vt 0.59375 0.025000000000000022
vt 0.59375 0.025000000000000022
vt 0.59375 0.16642124999999997
vt 0.59375 0.17222437499999999
vt 0.59375 0.14520812500000002
vt 0.59375 0.17222437499999999
vt 0.59375 0.16642124999999997
vt 0.59375 0.19820499999999996
vt 0.59375 0.025000000000000022
vt 0.59375 0.06899937499999997
vt 0.59375 0.025000000000000022
vt 0.59375 0.06899937499999997
vt 0.59375 0.025000000000000022
vt 0.59375 0.07676375000000002
vt 0.59375 0.125
vt 0.59375 0.14520812500000002
vt 0.59375 0.10999999999999999
vt 0.59375 0.14520812500000002
vt 0.59375 0.125
vt 0.59375 0.16642124999999997
vt 0.59375 0.025000000000000022
vt 0.59375 0.025000000000000022
vt 0.59375 0.025000000000000022
vt 0.59375 0.025000000000000022
vt 0.59375 0.025000000000000022
vt 0.59375 0.025000000000000022
vt 0.59375 0.025000000000000022
vt 0.59375 0.025000000000000022
vt 0.59375 0.025000000000000022
vt 0.59375 0.025000000000000022
vt 0.59375 0.025000000000000022
vt 0.59375 0.025000000000000022
vt 0.59375 0.025000000000000022
vt 0.59375 0.025000000000000022
vt 0.59375 0.025000000000000022
vt 0.59375 0.025000000000000022
vt 0.59375 0.025000000000000022
vt 0.59375 0.025000000000000022
vt 0.59375 0.21818499999999996
vt 0.59375 0.19820499999999996
vt 0.59375 0.21818499999999996
vt 0.59375 0.19820499999999996
vt 0.59375 0.21818499999999996
vt 0.59375 0.19820499999999996
vt 0.59375 0.19820499999999996
vt 0.59375 0.16642124999999997
vt 0.59375 0.19820499999999996
vt 0.59375 0.16642124999999997
vt 0.59375 0.19820499999999996
vt 0.59375 0.16642124999999997
vt 0.59375 0.025000000000000022
vt 0.59375 0.025000000000000022
vt 0.59375 0.025000000000000022
vt 0.59375 0.025000000000000022
vt 0.59375 0.025000000000000022
vt 0.59375 0.025000000000000022
vt 0.59375 0.07676375000000002
vt 0.59375 0.125
vt 0.59375 0.07676375000000002
vt 0.59375 0.125
vt 0.59375 0.07676375000000002
vt 0.59375 0.125
vt 0.59375 0.025000000000000022
vt 0.59375 0.025000000000000022
vt 0.59375 0.025000000000000022
vt 0.59375 0.025000000000000022
vt 0.59375 0.025000000000000022
vt 0.59375 0.025000000000000022
vt 0.59375 0.025000000000000022
vt 0.59375 0.025000000000000022
vt 0.59375 0.025000000000000022
vt 0.59375 0.025000000000000022
vt 0.59375 0.025000000000000022
vt 0.59375 0.025000000000000022
vt 0.59375 0.025000000000000022
vt 0.59375 0.06899937499999997
vt 0.59375 0.025000000000000022
vt 0.59375 0.06899937499999997
vt 0.59375 0.025000000000000022
vt 0.59375 0.10999999999999999
vt 0.59375 0.10999999999999999
vt 0.59375 0.025000000000000022
vt 0.59375 0.025000000000000022
vt 0.59375 0.10999999999999999
vt 0.59375 0.025000000000000022
vt 0.59375 0.14520812500000002
vt 0.59375 0.14520812500000002
vt 0.59375 0.025000000000000022
vt 0.59375 0.025000000000000022
vt 0.59375 0.025000000000000022
vt 0.59375 0.025000000000000022
vt 0.59375 0.025000000000000022
vt 0.59375 0.14520812500000002
vt 0.59375 0.025000000000000022
vt 0.59375 0.05629437500000001
vt 0.59375 0.025000000000000022
vt 0.59375 0.025000000000000022
vt 0.59375 0.025000000000000022
vt 0.59375 0.14520812500000002
vt 0.59375 0.05629437500000001
vt 0.59375 0.17222437499999999
vt 0.59375 0.025000000000000022
vt 0.59375 0.025000000000000022
vt 0.59375 0.025000000000000022
vt 0.59375 0.17222437499999999
vt 0.59375 0.05629437500000001
vt 0.59375 0.08545625000000001
vt 0.59375 0.17222437499999999
vt 0.59375 0.08545625000000001
vt 0.59375 0.11049750000000003
vt 0.59375 0.17222437499999999
vt 0.59375 0.11049750000000003
vt 0.59375 0.12971312499999998
vt 0.59375 0.17222437499999999
vt 0.59375 0.12971312499999998
vt 0.59375 0.18920749999999997
vt 0.59375 0.18920749999999997
vt 0.59375 0.12971312499999998
vt 0.59375 0.141791875
vt 0.59375 0.18920749999999997
vt 0.59375 0.141791875
vt 0.59375 0.19499999999999995
vt 0.59375 0.19499999999999995
vt 0.59375 0.141791875
vt 0.59375 0.14591187500000002
vt 0.59375 0.025000000000000022
vt 0.59375 0.025000000000000022
vt 0.59375 0.025000000000000022
vt 0.59375 0.025000000000000022
vt 0.59375 0.025000000000000022
vt 0.59375 0.025000000000000022
vt 0.59375 0.025000000000000022
vt 0.59375 0.025000000000000022
vt 0.59375 0.025000000000000022
vt 0.59375 0.025000000000000022
vt 0.59375 0.025000000000000022
vt 0.59375 0.025000000000000022
vt 0.59375 0.025000000000000022
vt 0.59375 0.025000000000000022
vt 0.59375 0.025000000000000022
vt 0.59375 0.19499999999999995
vt 0.59375 0.14591187500000002
vt 0.59375 0.18920749999999997
vt 0.59375 0.18920749999999997
vt 0.59375 0.14591187500000002
vt 0.59375 0.141791875
vt 0.59375 0.18920749999999997
vt 0.59375 0.141791875
vt 0.59375 0.12971312499999998
vt 0.59375 0.18920749999999997
vt 0.59375 0.12971312499999998
vt 0.59375 0.17222437499999999
vt 0.59375 0.17222437499999999
vt 0.59375 0.12971312499999998
vt 0.59375 0.11049750000000003
vt 0.59375 0.025000000000000022
vt 0.59375 0.025000000000000022
vt 0.59375 0.025000000000000022
vt 0.59375 0.025000000000000022
vt 0.59375 0.025000000000000022
vt 0.59375 0.025000000000000022
vt 0.59375 0.025000000000000022
vt 0.59375 0.025000000000000022
vt 0.59375 0.025000000000000022
vt 0.59375 0.025000000000000022
vt 0.59375 0.025000000000000022
vt 0.59375 0.025000000000000022
vt 0.59375 0.025000000000000022
vt 0.59375 0.025000000000000022
vt 0.59375 0.025000000000000022
vt 0.59375 0.025000000000000022
vt 0.59375 0.025000000000000022
vt 0.59375 0.025000000000000022
vt 0.59375 0.025000000000000022
vt 0.59375 0.025000000000000022
vt 0.59375 0.025000000000000022
vt 0.59375 0.17222437499999999
vt 0.59375 0.11049750000000003
vt 0.59375 0.14520812500000002
vt 0.59375 0.025000000000000022
vt 0.59375 0.025000000000000022
vt 0.59375 0.025000000000000022
vt 0.59375 0.14520812500000002
vt 0.59375 0.11049750000000003
vt 0.59375 0.08545625000000001
vt 0.59375 0.14520812500000002
vt 0.59375 0.08545625000000001
vt 0.59375 0.05629437500000001
vt 0.59375 0.025000000000000022
vt 0.59375 0.025000000000000022
vt 0.59375 0.025000000000000022
vt 0.59375 0.025000000000000022
vt 0.59375 0.025000000000000022
vt 0.59375 0.025000000000000022
vt 0.59375 0.14520812500000002
vt 0.59375 0.05629437500000001
vt 0.59375 0.025000000000000022
vt 0.59375 0.025000000000000022
vt 0.59375 0.025000000000000022
vt 0.59375 0.025000000000000022
vt 0.59375 0.14520812500000002
vt 0.59375 0.025000000000000022
vt 0.59375 0.10999999999999999
vt 0.59375 0.025000000000000022
vt 0.59375 0.025000000000000022
vt 0.59375 0.025000000000000022
vt 0.59375 0.025000000000000022
vt 0.59375 0.025000000000000022
vt 0.59375 0.10999999999999999
vt 0.59375 0.10999999999999999
vt 0.59375 0.025000000000000022
vt 0.59375 0.06899937499999997
vt 0.59375 0.06899937499999997
vt 0.59375 0.025000000000000022
vt 0.59375 0.025000000000000022
vt 0.59375 0.06899937499999997
vt 0.59375 0.025000000000000022
vt 0.59375 0.025000000000000022
vt 0.59375 0.025000000000000022
vt 0.59375 0.025000000000000022
vt 0.59375 0.025000000000000022
vt 0.59375 0.025000000000000022
vt 0.59375 0.025000000000000022
vt 0.59375 0.025000000000000022
vt 0.59375 0.07676375000000002
vt 0.59375 0.10999999999999999
vt 0.59375 0.06899937499999997
vt 0.59375 0.10999999999999999
vt 0.59375 0.07676375000000002
vt 0.59375 0.125
vt 0.59375 0.025000000000000022
vt 0.59375 0.025000000000000022
vt 0.59375 0.025000000000000022
vt 0.59375 0.025000000000000022
vt 0.59375 0.025000000000000022
vt 0.59375 0.025000000000000022
vt 0.59375 0.22499999999999998
vt 0.59375 0.21818499999999996
vt 0.59375 0.22499999999999998
vt 0.59375 0.21818499999999996
vt 0.59375 0.22499999999999998
vt 0.59375 0.21818499999999996
vt 0.59375 0.025000000000000022
vt 0.59375 0.025000000000000022
vt 0.59375 0.025000000000000022
vt 0.59375 0.025000000000000022
vt 0.59375 0.025000000000000022
vt 0.59375 0.025000000000000022
vt 0.59375 0.025000000000000022
vt 0.59375 0.07676375000000002
vt 0.59375 0.025000000000000022
vt 0.59375 0.07676375000000002
vt 0.59375 0.025000000000000022
vt 0.59375 0.07676375000000002
vt 0.59375 0.025000000000000022
vt 0.59375 0.07676375000000002
vt 0.59375 0.025000000000000022
vt 0.59375 0.07676375000000002
vt 0.59375 0.025000000000000022
vt 0.59375 0.07676375000000002
vt 0.59375 0.025000000000000022
vt 0.59375 0.07676375000000002
vt 0.59375 0.025000000000000022
vt 0.59375 0.07676375000000002
vt 0.59375 0.025000000000000022
vt 0.59375 0.06899937499999997
vt 0.59375 0.025000000000000022
vt 0.59375 0.025000000000000022
vt 0.59375 0.025000000000000022
vt 0.59375 0.025000000000000022
vt 0.59375 0.025000000000000022
vt 0.59375 0.025000000000000022
vt 0.59375 0.06899937499999997
vt 0.59375 0.025000000000000022
vt 0.59375 0.025000000000000022
vt 0.59375 0.025000000000000022
vt 0.59375 0.06899937499999997
vt 0.59375 0.10999999999999999
vt 0.59375 0.025000000000000022
vt 0.59375 0.10999999999999999
vt 0.59375 0.025000000000000022
vt 0.59375 0.025000000000000022
vt 0.59375 0.10999999999999999
vt 0.59375 0.025000000000000022
vt 0.59375 0.025000000000000022
vt 0.59375 0.10999999999999999
vt 0.59375 0.14520812500000002
vt 0.59375 0.025000000000000022
vt 0.59375 0.14520812500000002
vt 0.59375 0.025000000000000022
vt 0.59375 0.025000000000000022
vt 0.59375 0.14520812500000002
vt 0.59375 0.17222437499999999
vt 0.59375 0.025000000000000022
vt 0.59375 0.17222437499999999
vt 0.59375 0.025000000000000022
vt 0.59375 0.025000000000000022
vt 0.59375 0.17222437499999999
vt 0.59375 0.18920749999999997
vt 0.59375 0.025000000000000022
vt 0.59375 0.18920749999999997
vt 0.59375 0.025000000000000022
vt 0.59375 0.025000000000000022
vt 0.59375 0.18920749999999997
vt 0.59375 0.19499999999999995
vt 0.59375 0.025000000000000022
vt 0.59375 0.19499999999999995
vt 0.59375 0.025000000000000022
vt 0.59375 0.025000000000000022
vt 0.59375 0.19499999999999995
vt 0.59375 0.18920749999999997
vt 0.59375 0.025000000000000022
vt 0.59375 0.18920749999999997
vt 0.59375 0.025000000000000022
vt 0.59375 0.025000000000000022
vt 0.59375 0.18920749999999997
vt 0.59375 0.17222437499999999
vt 0.59375 0.025000000000000022
vt 0.59375 0.17222437499999999
vt 0.59375 0.025000000000000022
vt 0.59375 0.025000000000000022
vt 0.59375 0.17222437499999999
vt 0.59375 0.14520812500000002
vt 0.59375 0.025000000000000022
vt 0.59375 0.14520812500000002
vt 0.59375 0.025000000000000022
vt 0.59375 0.025000000000000022
vt 0.59375 0.14520812500000002
vt 0.59375 0.10999999999999999
vt 0.59375 0.025000000000000022
vt 0.59375 0.10999999999999999
vt 0.59375 0.025000000000000022
vt 0.59375 0.025000000000000022
vt 0.59375 0.10999999999999999
vt 0.59375 0.06899937499999997
vt 0.59375 0.025000000000000022
vt 0.59375 0.06899937499999997
vt 0.59375 0.025000000000000022
vt 0.59375 0.025000000000000022
vt 0.59375 0.06899937499999997
vt 0.59375 0.025000000000000022
vt 0.59375 0.06899937499999997
vt 0.59375 0.025000000000000022
vt 0.59375 0.07676375000000002
vt 0.59375 0.025000000000000022
vt 0.59375 0.025000000000000022
vt 0.59375 0.025000000000000022
vt 0.59375 0.025000000000000022
vt 0.59375 0.025000000000000022
vt 0.59375 0.025000000000000022
vt 0.59375 0.025000000000000022
vt 0.59375 0.025000000000000022
vt 0.59375 0.025000000000000022
vt 0.59375 0.025000000000000022
vt 0.59375 0.025000000000000022
vt 0.59375 0.025000000000000022
vt 0.59375 0.025000000000000022
vt 0.59375 0.025000000000000022
vt 0.59375 0.025000000000000022
vt 0.59375 0.025000000000000022
vt 0.59375 0.025000000000000022
vt 0.59375 0.025000000000000022
vt 0.59375 0.025000000000000022
vt 0.59375 0.025000000000000022
vt 0.59375 0.025000000000000022
vt 0.59375 0.025000000000000022
vt 0.59375 0.025000000000000022
vt 0.59375 0.025000000000000022
vt 0.59375 0.025000000000000022
vt 0.59375 0.025000000000000022
vt 0.59375 0.025000000000000022
vt 0.59375 0.025000000000000022
vt 0.59375 0.025000000000000022
vt 0.59375 0.025000000000000022
vt 0.59375 0.025000000000000022
vt 0.59375 0.025000000000000022
vt 0.59375 0.025000000000000022
vt 0.59375 0.025000000000000022
vt 0.59375 0.025000000000000022
vt 0.59375 0.025000000000000022
vt 0.59375 0.025000000000000022
vt 0.59375 0.025000000000000022
vt 0.59375 0.025000000000000022
vt 0.59375 0.025000000000000022
vt 0.59375 0.025000000000000022
vt 0.59375 0.025000000000000022
vt 0.59375 0.025000000000000022
vt 0.59375 0.025000000000000022
vt 0.59375 0.025000000000000022
vt 0.59375 0.025000000000000022
vt 0.59375 0.025000000000000022
vt 0.59375 0.025000000000000022
vt 0.59375 0.025000000000000022
vt 0.59375 0.025000000000000022
vt 0.59375 0.025000000000000022
vt 0.59375 0.025000000000000022
vt 0.59375 0.025000000000000022
vt 0.59375 0.025000000000000022
vt 0.59375 0.14520812500000002
vt 0.59375 0.125
vt 0.59375 0.10999999999999999
vt 0.59375 0.125
vt 0.59375 0.14520812500000002
vt 0.59375 0.16642124999999997
vt 0.59375 0.025000000000000022
vt 0.59375 0.025000000000000022
vt 0.59375 0.025000000000000022
vt 0.59375 0.025000000000000022
vt 0.59375 0.025000000000000022
vt 0.59375 0.025000000000000022
vt 0.59375 0.18920749999999997
vt 0.59375 0.19820499999999996
vt 0.59375 0.21818499999999996
vt 0.59375 0.19820499999999996
vt 0.59375 0.18920749999999997
vt 0.59375 0.17222437499999999
vt 0.59375 0.125
vt 0.59375 0.14520812500000002
vt 0.59375 0.10999999999999999
vt 0.59375 0.14520812500000002
vt 0.59375 0.125
vt 0.59375 0.16642124999999997
vt 0.59375 0.19499999999999995
vt 0.59375 0.21818499999999996
vt 0.59375 0.22499999999999998
vt 0.59375 0.21818499999999996
vt 0.59375 0.19499999999999995
vt 0.59375 0.18920749999999997
vt 0.59375 0.07676375000000002
vt 0.59375 0.10999999999999999
vt 0.59375 0.06899937499999997
vt 0.59375 0.10999999999999999
vt 0.59375 0.07676375000000002
vt 0.59375 0.125
vt 0.59375 0.025000000000000022
vt 0.59375 0.025000000000000022
vt 0.59375 0.025000000000000022
vt 0.59375 0.025000000000000022
vt 0.59375 0.025000000000000022
vt 0.59375 0.025000000000000022
vt 0.59375 0.10999999999999999
vt 0.59375 0.07676375000000002
vt 0.59375 0.06899937499999997
vt 0.59375 0.07676375000000002
vt 0.59375 0.10999999999999999
vt 0.59375 0.125
vt 0.59375 0.14520812500000002
vt 0.59375 0.19820499999999996
vt 0.59375 0.16642124999999997
vt 0.59375 0.19820499999999996
vt 0.59375 0.14520812500000002
vt 0.59375 0.17222437499999999
vt 0.59375 0.18920749999999997
vt 0.59375 0.22499999999999998
vt 0.59375 0.21818499999999996
vt 0.59375 0.22499999999999998
vt 0.59375 0.18920749999999997
vt 0.59375 0.19499999999999995
vt 0.59375 0.025000000000000022
vt 0.59375 0.025000000000000022
vt 0.59375 0.025000000000000022
vt 0.59375 0.025000000000000022
vt 0.59375 0.025000000000000022
vt 0.59375 0.025000000000000022
vt 0.59375 0.17222437499999999
vt 0.59375 0.21818499999999996
vt 0.59375 0.19820499999999996
vt 0.59375 0.21818499999999996
vt 0.59375 0.17222437499999999
vt 0.59375 0.18920749999999997
vt 0.59375 0.025000000000000022
vt 0.59375 0.07676375000000002
vt 0.59375 0.025000000000000022
vt 0.59375 0.07676375000000002
vt 0.59375 0.025000000000000022
vt 0.59375 0.06899937499999997
vt 0.59375 0.17222437499999999
vt 0.59375 0.16642124999999997
vt 0.59375 0.19820499999999996
vt 0.59375 0.16642124999999997
vt 0.59375 0.17222437499999999
vt 0.59375 0.14520812500000002
vn 1 0 1.2246467991473532e-16
vn 1 0 1.2246467991473532e-16
vn 1 0 1.2246467991473532e-16
vn 1 0 1.2246467991473532e-16
vn 1 0 1.2246467991473532e-16
vn 1 0 1.2246467991473532e-16
vn 1 0 1.2246467991473532e-16
vn 1 0 1.2246467991473532e-16
vn 1 0 1.2246467991473532e-16
vn 1 0 1.2246467991473532e-16
vn 1 0 1.2246467991473532e-16
vn 1 0 1.2246467991473532e-16
vn 1 0 1.2246467991473532e-16
vn 1 0 1.2246467991473532e-16
vn 1 0 1.2246467991473532e-16
vn 1 0 1.2246467991473532e-16
vn 1 0 1.2246467991473532e-16
vn 1 0 1.2246467991473532e-16
vn 1 0 1.2246467991473532e-16
vn 1 0 1.2246467991473532e-16
vn 1 0 1.2246467991473532e-16
vn 1 0 1.2246467991473532e-16
vn 0.512746542048784 -0.5226461057319334 0.6811255624187507
vn 0.512746542048784 -0.6811255624187506 0.5226461057319335
vn 0.5127487983493916 -0.5226408730528569 0.6811278790402008
vn 0.5127487983493917 -0.6811278790402009 0.5226408730528567
vn 0.512749570419942 -0.3285454012344252 0.7931871137139556
vn 0.5127495704199423 -0.7931871137139558 0.3285454012344247
vn 0.512750087581671 -0.328544105299069 0.7931873161859204
vn 0.512750087581671 -0.7931873161859203 0.32854410529906897
vn 0.5127500746476437 -0.8511914082608243 0.11207384820639715
vn 0.5127474860082263 -0.8511921080836279 0.11208037619669758
vn 0.5127478558592385 -0.851192722058872 -0.11207402119028939
vn 0.5127504444096374 -0.8511903563446227 -0.1120801455371732
vn 0.5127500137068979 -0.79318686911934 -0.3285452999210841
vn 0.5127494965447463 -0.793187642305461 -0.32854424038021623
vn 0.5127484759989105 -0.6811246460817945 -0.5226454026017497
vn 0.512746219714876 -0.6811291008451569 -0.5226418105643407
vn 0.5127465420487842 -0.5226461057319335 -0.6811255624187504
vn 0.5127487983493918 -0.5226408730528569 -0.6811278790402007
vn 0.5127495704199424 -0.3285454012344252 -0.7931871137139553
vn 0.5127500875816712 -0.328544105299069 -0.7931873161859202
vn 0.5127500746476438 -0.11207384820639701 -0.8511914082608244
vn 0.5127474860082265 -0.11208037619669756 -0.8511921080836279
vn 0.5127474860082265 0.11208037619669756 -0.8511921080836279
vn 0.5127500746476438 0.11207384820639703 -0.8511914082608244
vn 0.5127500875816712 0.328544105299069 -0.7931873161859202
vn 0.5127495704199423 0.32854540123442527 -0.7931871137139556
vn 0.5127487983493919 0.522640873052857 -0.6811278790402007
vn 0.512746542048784 0.5226461057319338 -0.6811255624187502
vn 0.5127462197148757 0.681129100845157 -0.5226418105643409
vn 0.5127484759989104 0.6811246460817941 -0.5226454026017502
vn 0.5127495704199423 0.7931871137139558 -0.3285454012344246
vn 0.512750087581671 0.7931873161859203 -0.32854410529906886
vn 0.5127504444096374 0.8511903563446227 -0.1120801455371732
vn 0.5127478558592387 0.851192722058872 -0.1120740211902894
vn 0.5127478558592385 0.851192722058872 0.11207402119028953
vn 0.5127504444096374 0.8511903563446227 0.11208014553717334
vn 0.512750087581671 0.7931873161859203 0.32854410529906886
vn 0.5127495704199423 0.7931871137139559 0.3285454012344247
vn 0.5127484759989102 0.681124646081794 0.5226454026017504
vn 0.5127462197148756 0.6811291008451571 0.5226418105643411
vn 0.5127465420487838 0.5226461057319339 0.6811255624187503
vn 0.5127487983493916 0.5226408730528569 0.6811278790402009
vn 0.5127495704199422 0.3285454012344252 0.7931871137139556
vn 0.512750087581671 0.328544105299069 0.7931873161859204
vn 0.5127500746476436 0.11207384820639701 0.8511914082608246
vn 0.5127474860082263 0.11208037619669756 0.8511921080836281
vn 0.5127474860082263 -0.11208037619669756 0.8511921080836281
vn 0.5127500746476436 -0.11207384820639703 0.8511914082608246
vn 1 0 1.2246467991473532e-16
vn 1 0 1.2246467991473532e-16
vn 1 0 1.2246467991473532e-16
vn 1 0 1.2246467991473532e-16
vn 1 0 1.2246467991473532e-16
vn 1 0 1.2246467991473532e-16
vn 1 0 1.2246467991473532e-16
vn 1 0 1.2246467991473532e-16
vn 1 0 1.2246467991473532e-16
vn 1 0 1.2246467991473532e-16
vn 1 0 1.2246467991473532e-16
vn 1 0 1.2246467991473532e-16
vn 1 0 1.2246467991473532e-16
vn 1 0 1.2246467991473532e-16
vn 1 0 1.2246467991473532e-16
vn 1 0 1.2246467991473532e-16
vn 1 0 1.2246467991473532e-16
vn 1 0 1.2246467991473532e-16
vn 1 0 1.2246467991473532e-16
vn 1 0 1.2246467991473532e-16
vn 1 0 1.2246467991473532e-16
vn 1 0 1.2246467991473532e-16
vn 1 0 1.2246467991473532e-16
vn 1 0 1.2246467991473532e-16
vn 1 0 1.2246467991473532e-16
vn 1 0 1.2246467991473532e-16
vn 1 0 1.2246467991473532e-16
vn 1 0 1.2246467991473532e-16
vn 1 0 1.2246467991473532e-16
vn 1 0 1.2246467991473532e-16
vn 1 0 1.2246467991473532e-16
vn 1 0 1.2246467991473532e-16
vn 1 0 1.2246467991473532e-16
vn 1 0 1.2246467991473532e-16
vn 1 0 1.2246467991473532e-16
vn 1 0 1.2246467991473532e-16
vn 1 0 1.2246467991473532e-16
vn 1 0 1.2246467991473532e-16
vn 1 0 1.2246467991473532e-16
vn 1 0 1.2246467991473532e-16
vn 1 0 1.2246467991473532e-16
vn 1 0 1.2246467991473532e-16
vn 1 0 1.2246467991473532e-16
vn 1 0 1.2246467991473532e-16
vn 1 0 1.2246467991473532e-16
vn 1 0 1.2246467991473532e-16
vn 1 0 1.2246467991473532e-16
vn 1 0 1.2246467991473532e-16
vn 0.40743987004877263 -0.7245203678692108 0.5559343386024133
vn 0.40743432698747833 -0.7245167446171431 0.5559431229556114
vn 0.4074357837204938 0.8437163825681471 0.3494835445771195
vn 0.4074395133126766 0.8437172076470141 0.34947720456684284
vn 0.4074338775414925 -0.7245224889469596 -0.5559359661342366
vn 0.4074394206185821 -0.724514941714985 -0.5559417395354715
vn 0.4074398700487728 0.724520367869211 0.5559343386024128
vn 0.4074343269874781 0.7245167446171432 0.5559431229556114
vn 1.131427015783924e-16 -0.3826816512484569 -0.923880270271941
vn 1.131427015783924e-16 -0.3826816512484569 -0.923880270271941
vn -1.1314270157839242e-16 0.3826816512484568 0.9238802702719411
vn -1.1314270157839242e-16 0.3826816512484568 0.9238802702719411
vn 0.40743981570512955 0.8437147206367765 -0.3494828561731981
vn 0.40743608611439913 0.8437186202973074 -0.34947778970256244
vn -1.598524729013742e-17 -0.9914444324988257 0.13052944980762593
vn -1.598524729013742e-17 -0.9914444324988257 0.13052944980762593
vn -1.131427015783924e-16 -0.3826816512484569 0.923880270271941
vn -1.131427015783924e-16 -0.3826816512484569 0.923880270271941
vn 0.4074389479698164 0.905419884377369 0.11919872755747482
vn 0.40743590023962384 0.9054205740345674 0.1192039064411986
vn 0.40743578372049366 0.3494835445771191 0.8437163825681473
vn 0.4074395133126765 0.34947720456684206 0.8437172076470142
vn -9.71576416652639e-17 0.6087627189097392 0.793352350513706
vn -9.71576416652639e-17 0.6087627189097392 0.793352350513706
vn 0.4074359002396235 -0.11920390644119797 0.9054205740345675
vn 0.4074389479698159 -0.11919872755747443 0.9054198843773692
vn 9.715764166526393e-17 -0.6087627189097388 -0.7933523505137062
vn 9.715764166526393e-17 -0.6087627189097388 -0.7933523505137062
vn 7.455193151530512e-17 -0.7933523505137062 -0.6087627189097385
vn 7.455193151530512e-17 -0.7933523505137062 -0.6087627189097385
vn 0.40743987004877297 0.5559343386024134 0.7245203678692107
vn 0.4074343269874781 0.555943122955612 0.7245167446171428
vn 1.598524729013742e-17 -0.9914444324988257 -0.13052944980762593
vn 1.598524729013742e-17 -0.9914444324988257 -0.13052944980762593
vn 1.5985247290137458e-17 0.9914444324988257 -0.13052944980762624
vn 1.5985247290137458e-17 0.9914444324988257 -0.13052944980762624
vn -7.455193151530512e-17 -0.7933523505137062 0.6087627189097385
vn -7.455193151530512e-17 -0.7933523505137062 0.6087627189097385
vn 0.4074395133126765 -0.34947720456684217 0.8437172076470143
vn 0.40743578372049366 -0.34948354457711905 0.8437163825681473
vn 4.6864985929384656e-17 -0.923880270271941 -0.382681651248457
vn 4.6864985929384656e-17 -0.923880270271941 -0.382681651248457
vn 0.40743565312338476 0.9054213417914931 -0.11919891942636572
vn 0.407438700855728 0.9054193352349503 -0.11920374334599401
vn 4.6864985929384724e-17 0.9238802702719408 -0.38268165124845754
vn 4.6864985929384724e-17 0.9238802702719408 -0.38268165124845754
vn 9.71576416652639e-17 0.6087627189097392 -0.793352350513706
vn 9.71576416652639e-17 0.6087627189097392 -0.793352350513706
vn 7.455193151530512e-17 0.7933523505137062 -0.6087627189097385
vn 7.455193151530512e-17 0.7933523505137062 -0.6087627189097385
vn 0.4074343269874783 -0.5559431229556118 0.724516744617143
vn 0.40743987004877275 -0.5559343386024134 0.7245203678692108
vn -1.2141692507921511e-16 -0.13052944980762554 0.9914444324988257
vn -1.2141692507921511e-16 -0.13052944980762554 0.9914444324988257
vn 0.4074338775414923 0.7245224889469599 -0.5559359661342361
vn 0.40743942061858224 0.724514941714985 -0.5559417395354715
vn 0.4074389479698161 0.11919872755747443 -0.9054198843773692
vn 0.4074359002396237 0.11920390644119797 -0.9054205740345675
vn 0.4074398700487731 0.5559343386024133 -0.7245203678692107
vn 0.40743432698747833 0.555943122955612 -0.7245167446171428
vn -9.715764166526393e-17 -0.6087627189097388 0.7933523505137062
vn -9.715764166526393e-17 -0.6087627189097388 0.7933523505137062
vn 0.4074343269874784 -0.5559431229556115 -0.7245167446171429
vn 0.40743987004877297 -0.5559343386024134 -0.7245203678692107
vn 0.4074356531233845 -0.9054213417914933 -0.11919891942636544
vn 0.4074387008557277 -0.9054193352349504 -0.11920374334599375
vn -4.6864985929384724e-17 0.9238802702719408 0.38268165124845754
vn -4.6864985929384724e-17 0.9238802702719408 0.38268165124845754
vn -7.455193151530512e-17 0.7933523505137062 0.6087627189097385
vn -7.455193151530512e-17 0.7933523505137062 0.6087627189097385
vn 0.4074389479698161 -0.9054198843773691 0.11919872755747453
vn 0.40743590023962367 -0.9054205740345675 0.11920390644119834
vn 1.1314270157839242e-16 0.3826816512484568 -0.9238802702719411
vn 1.1314270157839242e-16 0.3826816512484568 -0.9238802702719411
vn -4.6864985929384656e-17 -0.923880270271941 0.382681651248457
vn -4.6864985929384656e-17 -0.923880270271941 0.382681651248457
vn 0.40743951331267675 -0.34947720456684217 -0.8437172076470143
vn 0.40743578372049377 -0.34948354457711905 -0.8437163825681471
vn 1 0 1.2246467991473532e-16
vn 1 0 1.2246467991473532e-16
vn 1 0 1.2246467991473532e-16
vn 1 0 1.2246467991473532e-16
vn 1 0 1.2246467991473532e-16
vn 1 0 1.2246467991473532e-16
vn 1 0 1.2246467991473532e-16
vn 1 0 1.2246467991473532e-16
vn 1 0 1.2246467991473532e-16
vn 1 0 1.2246467991473532e-16
vn 1 0 1.2246467991473532e-16
vn 1 0 1.2246467991473532e-16
vn 1 0 1.2246467991473532e-16
vn 1 0 1.2246467991473532e-16
vn 1 0 1.2246467991473532e-16
vn 1 0 1.2246467991473532e-16
vn 1 0 1.2246467991473532e-16
vn 1 0 1.2246467991473532e-16
vn 1 0 1.2246467991473532e-16
vn 1 0 1.2246467991473532e-16
vn 1 0 1.2246467991473532e-16
vn 1 0 1.2246467991473532e-16
vn 1 0 1.2246467991473532e-16
vn 1 0 1.2246467991473532e-16
vn 1 0 1.2246467991473532e-16
vn 1 0 1.2246467991473532e-16
vn 1 0 1.2246467991473532e-16
vn 1 0 1.2246467991473532e-16
vn 1 0 1.2246467991473532e-16
vn 1 0 1.2246467991473532e-16
vn 1 0 1.2246467991473532e-16
vn 1 0 1.2246467991473532e-16
vn 1 0 1.2246467991473532e-16
vn 1 0 1.2246467991473532e-16
vn 1 0 1.2246467991473532e-16
vn 1 0 1.2246467991473532e-16
vn 1 0 1.2246467991473532e-16
vn 1 0 1.2246467991473532e-16
vn 1 0 1.2246467991473532e-16
vn 1 0 1.2246467991473532e-16
vn 1 0 1.2246467991473532e-16
vn 1 0 1.2246467991473532e-16
vn 1 0 1.2246467991473532e-16
vn 1 0 1.2246467991473532e-16
vn 1 0 1.2246467991473532e-16
vn 1 0 1.2246467991473532e-16
vn 1 0 1.2246467991473532e-16
vn 1 0 1.2246467991473532e-16
vn 1.2141692507921511e-16 -0.13052944980762554 -0.9914444324988257
vn 1.2141692507921511e-16 -0.13052944980762554 -0.9914444324988257
vn 0.40743578372049377 0.349483544577119 -0.8437163825681471
vn 0.40743951331267675 0.34947720456684206 -0.8437172076470142
vn 0.4074359002396237 -0.11920390644119794 -0.9054205740345675
vn 0.4074389479698161 -0.11919872755747439 -0.9054198843773692
vn -1.5985247290137458e-17 0.9914444324988257 0.13052944980762624
vn -1.5985247290137458e-17 0.9914444324988257 0.13052944980762624
vn 0.4074357837204937 -0.8437163825681473 0.34948354457711917
vn 0.40743951331267647 -0.8437172076470143 0.34947720456684234
vn 1.2141692507921511e-16 0.13052944980762554 -0.9914444324988257
vn 1.2141692507921511e-16 0.13052944980762554 -0.9914444324988257
vn -1.2141692507921511e-16 0.13052944980762554 0.9914444324988257
vn -1.2141692507921511e-16 0.13052944980762554 0.9914444324988257
vn 0.4074387008557274 0.11920374334599348 0.9054193352349504
vn 0.40743565312338437 0.11919891942636543 0.9054213417914933
vn 0.4074398157051294 -0.8437147206367768 -0.34948285617319774
vn 0.40743608611439885 -0.8437186202973076 -0.34947778970256194
vn -1 0 -1.2246467991473532e-16
vn -1 0 -1.2246467991473532e-16
vn -1 0 -1.2246467991473532e-16
vn -1 0 -1.2246467991473532e-16
vn -1 0 -1.2246467991473532e-16
vn -1 0 -1.2246467991473532e-16
vn -1 0 -1.2246467991473532e-16
vn -1 0 -1.2246467991473532e-16
vn -1 0 -1.2246467991473532e-16
vn -1 0 -1.2246467991473532e-16
vn -1 0 -1.2246467991473532e-16
vn -1 0 -1.2246467991473532e-16
vn -1 0 -1.2246467991473532e-16
vn -1 0 -1.2246467991473532e-16
vn -1 0 -1.2246467991473532e-16
vn -1 0 -1.2246467991473532e-16
vn -1 0 -1.2246467991473532e-16
vn -1 0 -1.2246467991473532e-16
vn -1 0 -1.2246467991473532e-16
vn -1 0 -1.2246467991473532e-16
vn -1 0 -1.2246467991473532e-16
vn -1 0 -1.2246467991473532e-16
vn -0.4074389479698161 0.11919872755747443 0.9054198843773692
vn -0.4074359002396237 0.11920390644119797 0.9054205740345675
vn -0.40743608611439885 -0.8437186202973076 0.34947778970256194
vn -0.4074398157051294 -0.8437147206367768 0.34948285617319774
vn -0.4074394206185821 -0.724514941714985 0.5559417395354715
vn -0.4074338775414925 -0.7245224889469596 0.5559359661342366
vn -0.4074359002396237 -0.11920390644119794 0.9054205740345675
vn -0.4074389479698161 -0.11919872755747439 0.9054198843773692
vn -0.40743590023962367 -0.9054205740345675 -0.11920390644119834
vn -0.4074389479698161 -0.9054198843773691 -0.11919872755747453
vn -0.40743951331267647 -0.8437172076470143 -0.34947720456684234
vn -0.4074357837204937 -0.8437163825681473 -0.34948354457711917
vn -0.4074387008557277 -0.9054193352349504 0.11920374334599375
vn -0.4074356531233845 -0.9054213417914933 0.11919891942636544
vn -0.40743951331267675 -0.34947720456684217 0.8437172076470143
vn -0.40743578372049377 -0.34948354457711905 0.8437163825681471
vn -0.4074343269874784 -0.5559431229556115 0.7245167446171429
vn -0.40743987004877297 -0.5559343386024134 0.7245203678692107
vn -0.40743432698747833 -0.7245167446171431 -0.5559431229556114
vn -0.40743987004877263 -0.7245203678692108 -0.5559343386024133
vn -0.40743987004877297 0.5559343386024134 -0.7245203678692107
vn -0.4074343269874781 0.555943122955612 -0.7245167446171428
vn -0.4074343269874783 -0.5559431229556118 -0.724516744617143
vn -0.40743987004877275 -0.5559343386024134 -0.7245203678692108
vn -0.40743608611439913 0.8437186202973074 0.34947778970256244
vn -0.40743981570512955 0.8437147206367765 0.3494828561731981
vn -0.4074398700487731 0.5559343386024133 0.7245203678692107
vn -0.40743432698747833 0.555943122955612 0.7245167446171428
vn -0.407438700855728 0.9054193352349503 0.11920374334599401
vn -0.40743565312338476 0.9054213417914931 0.11919891942636572
vn -0.40743578372049377 0.349483544577119 0.8437163825681471
vn -0.40743951331267675 0.34947720456684206 0.8437172076470142
vn -0.4074359002396235 -0.11920390644119797 -0.9054205740345675
vn -0.4074389479698159 -0.11919872755747443 -0.9054198843773692
vn -0.40743578372049366 0.3494835445771191 -0.8437163825681473
vn -0.4074395133126765 0.34947720456684206 -0.8437172076470142
vn -0.4074343269874781 0.7245167446171432 -0.5559431229556114
vn -0.4074398700487728 0.724520367869211 -0.5559343386024128
vn -0.40743590023962384 0.9054205740345674 -0.1192039064411986
vn -0.4074389479698164 0.905419884377369 -0.11919872755747482
vn -0.4074395133126765 -0.34947720456684217 -0.8437172076470143
vn -0.40743578372049366 -0.34948354457711905 -0.8437163825681473
vn -0.4074395133126766 0.8437172076470141 -0.34947720456684284
vn -0.4074357837204938 0.8437163825681471 -0.3494835445771195
vn -0.4074387008557274 0.11920374334599348 -0.9054193352349504
vn -0.40743565312338437 0.11919891942636543 -0.9054213417914933
vn -0.40743942061858224 0.724514941714985 0.5559417395354715
vn -0.4074338775414923 0.7245224889469599 0.5559359661342361
usemtl none
f 200/997/333 199/998/333 201/999/333
f 199/1000/334 200/1001/334 202/1002/334
f 202/1003/335 200/1004/335 203/1005/335
f 202/1006/336 203/1007/336 204/1008/336
f 204/1009/337 203/1010/337 205/1011/337
f 204/1012/338 205/1013/338 206/1014/338
f 206/1015/339 205/1016/339 207/1017/339
f 206/1018/340 207/1019/340 208/1020/340
f 208/1021/341 207/1022/341 209/1023/341
f 208/1024/342 209/1025/342 210/1026/342
f 210/1027/343 209/1028/343 211/1029/343
f 210/1030/344 211/1031/344 212/1032/344
f 212/1033/345 211/1034/345 213/1035/345
f 212/1036/346 213/1037/346 214/1038/346
f 214/1039/347 213/1040/347 215/1041/347
f 214/1042/348 215/1043/348 216/1044/348
f 216/1045/349 215/1046/349 217/1047/349
f 216/1048/350 217/1049/350 218/1050/350
f 218/1051/351 217/1052/351 219/1053/351
f 218/1054/352 219/1055/352 220/1056/352
f 220/1057/353 219/1058/353 221/1059/353
f 220/1060/354 221/1061/354 222/1062/354
f 216/1063/355 223/1064/355 224/1065/355
f 225/1066/356 216/1067/356 224/1068/356
f 223/1069/357 216/1070/357 218/1071/357
f 216/1072/358 225/1073/358 214/1074/358
f 218/1075/359 226/1076/359 223/1077/359
f 227/1078/360 214/1079/360 225/1080/360
f 226/1081/361 218/1082/361 220/1083/361
f 214/1084/362 227/1085/362 212/1086/362
f 228/1087/363 212/1088/363 227/1089/363
f 212/1090/364 228/1091/364 210/1092/364
f 229/1093/365 210/1094/365 228/1095/365
f 210/1096/366 229/1097/366 208/1098/366
f 230/1099/367 208/1100/367 229/1101/367
f 208/1102/368 230/1103/368 206/1104/368
f 231/1105/369 206/1106/369 230/1107/369
f 206/1108/370 231/1109/370 204/1110/370
f 232/1111/371 204/1112/371 231/1113/371
f 204/1114/372 232/1115/372 202/1116/372
f 233/1117/373 202/1118/373 232/1119/373
f 202/1120/374 233/1121/374 199/1122/374
f 234/1123/375 199/1124/375 233/1125/375
f 199/1126/376 234/1127/376 201/1128/376
f 234/1129/377 200/1130/377 201/1131/377
f 200/1132/378 234/1133/378 235/1134/378
f 235/1135/379 203/1136/379 200/1137/379
f 203/1138/380 235/1139/380 236/1140/380
f 236/1141/381 205/1142/381 203/1143/381
f 205/1144/382 236/1145/382 237/1146/382
f 237/1147/383 207/1148/383 205/1149/383
f 207/1150/384 237/1151/384 238/1152/384
f 239/1153/385 207/1154/385 238/1155/385
f 207/1156/386 239/1157/386 209/1158/386
f 239/1159/387 211/1160/387 209/1161/387
f 211/1162/388 239/1163/388 240/1164/388
f 241/1165/389 211/1166/389 240/1167/389
f 211/1168/390 241/1169/390 213/1170/390
f 241/1171/391 215/1172/391 213/1173/391
f 215/1174/392 241/1175/392 242/1176/392
f 243/1177/393 215/1178/393 242/1179/393
f 215/1180/394 243/1181/394 217/1182/394
f 244/1183/395 217/1184/395 243/1185/395
f 217/1186/396 244/1187/396 219/1188/396
f 245/1189/397 219/1190/397 244/1191/397
f 219/1192/398 245/1193/398 221/1194/398
f 246/1195/399 221/1196/399 245/1197/399
f 221/1198/400 246/1199/400 222/1200/400
f 246/1201/401 220/1202/401 222/1203/401
f 220/1204/402 246/1205/402 226/1206/402
f 248/1207/403 247/1208/403 249/1209/403
f 247/1210/404 248/1211/404 250/1212/404
f 250/1213/405 248/1214/405 251/1215/405
f 250/1216/406 251/1217/406 252/1218/406
f 252/1219/407 251/1220/407 253/1221/407
f 252/1222/408 253/1223/408 254/1224/408
f 255/1225/409 252/1226/409 254/1227/409
f 254/1228/410 253/1229/410 256/1230/410
f 252/1231/411 255/1232/411 257/1233/411
f 257/1234/412 255/1235/412 258/1236/412
f 257/1237/413 258/1238/413 259/1239/413
f 256/1240/414 253/1241/414 260/1242/414
f 256/1243/415 260/1244/415 261/1245/415
f 261/1246/416 260/1247/416 237/1248/416
f 257/1249/417 259/1250/417 262/1251/417
f 262/1252/418 259/1253/418 230/1254/418
f 262/1255/419 230/1256/419 263/1257/419
f 262/1258/420 263/1259/420 264/1260/420
f 264/1261/421 263/1262/421 265/1263/421
f 237/1264/422 260/1265/422 266/1266/422
f 237/1267/423 266/1268/423 267/1269/423
f 267/1270/424 266/1271/424 239/1272/424
f 264/1273/425 265/1274/425 268/1275/425
f 268/1276/426 265/1277/426 269/1278/426
f 268/1279/427 269/1280/427 225/1281/427
f 239/1282/428 266/1283/428 270/1284/428
f 239/1285/429 270/1286/429 271/1287/429
f 271/1288/430 270/1289/430 241/1290/430
f 241/1291/431 270/1292/431 272/1293/431
f 241/1294/432 272/1295/432 273/1296/432
f 268/1297/433 225/1298/433 274/1299/433
f 274/1300/434 225/1301/434 275/1302/434
f 274/1303/435 275/1304/435 276/1305/435
f 273/1306/436 272/1307/436 277/1308/436
f 273/1309/437 277/1310/437 243/1311/437
f 243/1312/438 277/1313/438 278/1314/438
f 274/1315/439 276/1316/439 279/1317/439
f 278/1318/440 277/1319/440 280/1320/440
f 279/1321/441 276/1322/441 281/1323/441
f 278/1324/442 280/1325/442 282/1326/442
f 279/1327/443 281/1328/443 283/1329/443
f 282/1330/444 280/1331/444 283/1332/444
f 283/1333/445 280/1334/445 279/1335/445
f 279/1336/446 280/1337/446 284/1338/446
f 284/1339/447 280/1340/447 285/1341/447
f 284/1342/448 285/1343/448 286/1344/448
f 286/1345/449 285/1346/449 287/1347/449
f 286/1348/450 287/1349/450 288/1350/450
f 290/1351/451 289/1352/451 291/1353/451
f 289/1354/452 290/1355/452 292/1356/452
f 294/1357/453 293/1358/453 295/1359/453
f 293/1360/454 294/1361/454 296/1362/454
f 298/1363/455 297/1364/455 299/1365/455
f 297/1366/456 298/1367/456 300/1368/456
f 296/1369/457 301/1370/457 293/1371/457
f 301/1372/458 296/1373/458 302/1374/458
f 304/1375/459 303/1376/459 305/1377/459
f 303/1378/460 304/1379/460 306/1380/460
f 308/1381/461 307/1382/461 309/1383/461
f 307/1384/462 308/1385/462 310/1386/462
f 312/1387/463 311/1388/463 313/1389/463
f 311/1390/464 312/1391/464 314/1392/464
f 316/1393/465 315/1394/465 317/1395/465
f 315/1396/466 316/1397/466 318/1398/466
f 320/1399/467 319/1400/467 321/1401/467
f 319/1402/468 320/1403/468 322/1404/468
f 323/1405/469 295/1406/469 324/1407/469
f 295/1408/470 323/1409/470 294/1410/470
f 325/1411/471 308/1412/471 326/1413/471
f 308/1414/472 325/1415/472 310/1416/472
f 310/1417/473 327/1418/473 307/1419/473
f 327/1420/474 310/1421/474 302/1422/474
f 329/1423/475 328/1424/475 322/1425/475
f 328/1426/476 329/1427/476 330/1428/476
f 331/1429/477 305/1430/477 297/1431/477
f 305/1432/478 331/1433/478 304/1434/478
f 300/1435/479 331/1436/479 297/1437/479
f 331/1438/480 300/1439/480 332/1440/480
f 301/1441/481 310/1442/481 325/1443/481
f 310/1444/482 301/1445/482 302/1446/482
f 317/1447/483 333/1448/483 334/1449/483
f 333/1450/484 317/1451/484 315/1452/484
f 335/1453/485 323/1454/485 314/1455/485
f 323/1456/486 335/1457/486 336/1458/486
f 292/1459/487 337/1460/487 289/1461/487
f 337/1462/488 292/1463/488 338/1464/488
f 339/1465/489 322/1466/489 320/1467/489
f 322/1468/490 339/1469/490 329/1470/490
f 334/1471/491 332/1472/491 300/1473/491
f 332/1474/492 334/1475/492 333/1476/492
f 314/1477/493 324/1478/493 311/1479/493
f 324/1480/494 314/1481/494 323/1482/494
f 340/1483/495 314/1484/495 312/1485/495
f 314/1486/496 340/1487/496 335/1488/496
f 342/1489/497 341/1490/497 343/1491/497
f 341/1492/498 342/1493/498 344/1494/498
f 344/1495/499 312/1496/499 341/1497/499
f 312/1498/500 344/1499/500 340/1500/500
f 290/1501/501 320/1502/501 292/1503/501
f 320/1504/502 290/1505/502 339/1506/502
f 322/1507/503 345/1508/503 319/1509/503
f 345/1510/504 322/1511/504 328/1512/504
f 341/1513/505 313/1514/505 346/1515/505
f 313/1516/506 341/1517/506 312/1518/506
f 348/1519/507 347/1520/507 349/1521/507
f 347/1522/508 348/1523/508 350/1524/508
f 343/1525/509 346/1526/509 351/1527/509
f 346/1528/510 343/1529/510 341/1530/510
f 292/1531/511 321/1532/511 338/1533/511
f 321/1534/512 292/1535/512 320/1536/512
f 305/1537/513 299/1538/513 297/1539/513
f 299/1540/514 305/1541/514 352/1542/514
f 353/1543/515 334/1544/515 354/1545/515
f 334/1546/516 353/1547/516 317/1548/516
f 355/1549/517 296/1550/517 294/1551/517
f 296/1552/518 355/1553/518 356/1554/518
f 356/1555/519 302/1556/519 296/1557/519
f 302/1558/520 356/1559/520 327/1560/520
f 357/1561/521 317/1562/521 353/1563/521
f 317/1564/522 357/1565/522 316/1566/522
f 358/1567/523 343/1568/523 350/1569/523
f 343/1570/524 358/1571/524 342/1572/524
f 289/1573/525 318/1574/525 316/1575/525
f 318/1576/526 289/1577/526 337/1578/526
f 303/1579/527 352/1580/527 305/1581/527
f 352/1582/528 303/1583/528 359/1584/528
f 329/1585/529 326/1586/529 330/1587/529
f 326/1588/530 329/1589/530 325/1590/530
f 325/1591/531 329/1592/531 339/1593/531
f 325/1594/532 339/1595/532 301/1596/532
f 301/1597/533 339/1598/533 360/1599/533
f 290/1600/534 360/1601/534 339/1602/534
f 301/1603/535 360/1604/535 361/1605/535
f 360/1606/536 290/1607/536 362/1608/536
f 301/1609/537 361/1610/537 293/1611/537
f 362/1612/538 290/1613/538 291/1614/538
f 293/1615/539 361/1616/539 363/1617/539
f 293/1618/540 363/1619/540 252/1620/540
f 293/1621/541 252/1622/541 257/1623/541
f 293/1624/542 257/1625/542 295/1626/542
f 295/1627/543 257/1628/543 364/1629/543
f 295/1630/544 364/1631/544 324/1632/544
f 324/1633/545 364/1634/545 365/1635/545
f 362/1636/546 291/1637/546 251/1638/546
f 251/1639/547 291/1640/547 253/1641/547
f 253/1642/548 291/1643/548 260/1644/548
f 260/1645/549 291/1646/549 357/1647/549
f 260/1648/550 357/1649/550 266/1650/550
f 324/1651/551 365/1652/551 311/1653/551
f 311/1654/552 365/1655/552 366/1656/552
f 311/1657/553 366/1658/553 274/1659/553
f 311/1660/554 274/1661/554 313/1662/554
f 313/1663/555 274/1664/555 279/1665/555
f 266/1666/556 357/1667/556 353/1668/556
f 266/1669/557 353/1670/557 367/1671/557
f 367/1672/558 353/1673/558 272/1674/558
f 272/1675/559 353/1676/559 354/1677/559
f 272/1678/560 354/1679/560 277/1680/560
f 277/1681/561 354/1682/561 298/1683/561
f 277/1684/562 298/1685/562 280/1686/562
f 313/1687/563 279/1688/563 346/1689/563
f 280/1690/564 298/1691/564 299/1692/564
f 346/1693/565 279/1694/565 368/1695/565
f 346/1696/566 368/1697/566 369/1698/566
f 280/1699/567 299/1700/567 285/1701/567
f 285/1702/568 299/1703/568 370/1704/568
f 346/1705/569 369/1706/569 371/1707/569
f 370/1708/570 299/1709/570 371/1710/570
f 346/1711/571 371/1712/571 351/1713/571
f 371/1714/572 299/1715/572 352/1716/572
f 371/1717/573 352/1718/573 351/1719/573
f 351/1720/574 352/1721/574 347/1722/574
f 347/1723/575 352/1724/575 359/1725/575
f 347/1726/576 359/1727/576 349/1728/576
f 306/1729/577 348/1730/577 303/1731/577
f 348/1732/578 306/1733/578 372/1734/578
f 350/1735/579 351/1736/579 347/1737/579
f 351/1738/580 350/1739/580 343/1740/580
f 348/1741/581 359/1742/581 303/1743/581
f 359/1744/582 348/1745/582 349/1746/582
f 336/1747/583 294/1748/583 323/1749/583
f 294/1750/584 336/1751/584 355/1752/584
f 291/1753/585 316/1754/585 357/1755/585
f 316/1756/586 291/1757/586 289/1758/586
f 372/1759/587 350/1760/587 348/1761/587
f 350/1762/588 372/1763/588 358/1764/588
f 328/1765/589 309/1766/589 345/1767/589
f 309/1768/590 328/1769/590 308/1770/590
f 330/1771/591 308/1772/591 328/1773/591
f 308/1774/592 330/1775/592 326/1776/592
f 354/1777/593 300/1778/593 298/1779/593
f 300/1780/594 354/1781/594 334/1782/594
f 374/1783/595 373/1784/595 375/1785/595
f 373/1786/596 374/1787/596 376/1788/596
f 373/1789/597 376/1790/597 377/1791/597
f 377/1792/598 376/1793/598 378/1794/598
f 378/1795/599 376/1796/599 379/1797/599
f 378/1798/600 379/1799/600 380/1800/600
f 380/1801/601 379/1802/601 381/1803/601
f 380/1804/602 381/1805/602 382/1806/602
f 382/1807/603 381/1808/603 383/1809/603
f 382/1810/604 383/1811/604 384/1812/604
f 384/1813/605 383/1814/605 385/1815/605
f 384/1816/606 385/1817/606 386/1818/606
f 386/1819/607 385/1820/607 387/1821/607
f 386/1822/608 387/1823/608 388/1824/608
f 388/1825/609 387/1826/609 389/1827/609
f 388/1828/610 389/1829/610 390/1830/610
f 390/1831/611 389/1832/611 391/1833/611
f 390/1834/612 391/1835/612 392/1836/612
f 392/1837/613 391/1838/613 393/1839/613
f 392/1840/614 393/1841/614 394/1842/614
f 394/1843/615 393/1844/615 395/1845/615
f 394/1846/616 395/1847/616 396/1848/616
f 345/1849/617 374/1850/617 375/1851/617
f 374/1852/618 345/1853/618 309/1854/618
f 337/1855/619 382/1856/619 318/1857/619
f 382/1858/620 337/1859/620 380/1860/620
f 338/1861/621 380/1862/621 337/1863/621
f 380/1864/622 338/1865/622 378/1866/622
f 345/1867/623 373/1868/623 319/1869/623
f 373/1870/624 345/1871/624 375/1872/624
f 315/1873/625 386/1874/625 333/1875/625
f 386/1876/626 315/1877/626 384/1878/626
f 333/1879/627 388/1880/627 332/1881/627
f 388/1882/628 333/1883/628 386/1884/628
f 318/1885/629 384/1886/629 315/1887/629
f 384/1888/630 318/1889/630 382/1890/630
f 319/1891/631 377/1892/631 321/1893/631
f 377/1894/632 319/1895/632 373/1896/632
f 321/1897/633 378/1898/633 338/1899/633
f 378/1900/634 321/1901/634 377/1902/634
f 332/1903/635 390/1904/635 331/1905/635
f 390/1906/636 332/1907/636 388/1908/636
f 391/1909/637 342/1910/637 393/1911/637
f 342/1912/638 391/1913/638 344/1914/638
f 390/1915/639 304/1916/639 331/1917/639
f 304/1918/640 390/1919/640 392/1920/640
f 383/1921/641 356/1922/641 355/1923/641
f 356/1924/642 383/1925/642 381/1926/642
f 307/1927/643 379/1928/643 376/1929/643
f 379/1930/644 307/1931/644 327/1932/644
f 385/1933/645 355/1934/645 336/1935/645
f 355/1936/646 385/1937/646 383/1938/646
f 309/1939/647 376/1940/647 374/1941/647
f 376/1942/648 309/1943/648 307/1944/648
f 394/1945/649 372/1946/649 306/1947/649
f 372/1948/650 394/1949/650 396/1950/650
f 393/1951/651 358/1952/651 395/1953/651
f 358/1954/652 393/1955/652 342/1956/652
f 391/1957/653 340/1958/653 344/1959/653
f 340/1960/654 391/1961/654 389/1962/654
f 387/1963/655 336/1964/655 335/1965/655
f 336/1966/656 387/1967/656 385/1968/656
f 392/1969/657 306/1970/657 304/1971/657
f 306/1972/658 392/1973/658 394/1974/658
f 389/1975/659 335/1976/659 340/1977/659
f 335/1978/660 389/1979/660 387/1980/660
f 396/1981/661 358/1982/661 372/1983/661
f 358/1984/662 396/1985/662 395/1986/662
f 381/1987/663 327/1988/663 356/1989/663
f 327/1990/664 381/1991/664 379/1992/664
o wheel-default
v -0.9 0.33588625 1.274779375
v -0.9 0.28911375 1.274779375
v -0.9 0.3125 1.27785875
v -0.9 0.357679375 1.2657525
v -0.9 0.267320625 1.2657525
v -0.9 0.376393125 1.251393125
v -0.9 0.248606875 1.251393125
v -0.9 0.3907525 1.232679375
v -0.9 0.2342475 1.232679375
v -0.9 0.399779375 1.21088625
v -0.9 0.225220625 1.21088625
v -0.9 0.40285875 1.1875
v -0.9 0.22214125 1.1875
v -0.9 0.399779375 1.16411375
v -0.9 0.225220625 1.16411375
v -0.9 0.3907525 1.142320625
v -0.9 0.2342475 1.142320625
v -0.9 0.376393125 1.1236068750000001
v -0.9 0.248606875 1.1236068750000001
v -0.9 0.357679375 1.1092475
v -0.9 0.267320625 1.1092475
v -0.9 0.33588625 1.100220625
v -0.9 0.28911375 1.100220625
v -0.9 0.3125 1.09714125
v -0.95 0.37273875 1.083163125
v -0.95 0.397690625 1.102309375
v -0.95 0.416836875 1.12726125
v -0.9500000000000001 0.343681875 1.0711275
v -0.95 0.4288725 1.156318125
v -0.95 0.432978125 1.1875
v -0.95 0.4288725 1.2186818750000001
v -0.95 0.416836875 1.2477387500000001
v -0.95 0.397690625 1.272690625
v -0.95 0.37273875 1.291836875
v -0.95 0.343681875 1.3038725
v -0.95 0.3125 1.307978125
v -0.95 0.281318125 1.3038725
v -0.95 0.25226125 1.291836875
v -0.95 0.227309375 1.272690625
v -0.95 0.208163125 1.2477387500000001
v -0.95 0.1961275 1.2186818750000001
v -0.95 0.192021875 1.1875
v -0.95 0.1961275 1.156318125
v -0.95 0.208163125 1.12726125
v -0.95 0.227309375 1.102309375
v -0.95 0.25226125 1.083163125
v -0.9500000000000001 0.281318125 1.0711275
v -0.9500000000000001 0.3125 1.067021875
v -0.95 0.35944125 1.362688125
v -0.95 0.26555875 1.362688125
v -0.95 0.3125 1.368868125
v -0.95 0.403184375 1.344569375
v -0.95 0.221815625 1.344569375
v -0.95 0.440746875 1.315746875
v -0.95 0.184253125 1.315746875
v -0.95 0.3125 1.307978125
v -0.95 0.343681875 1.3038725
v -0.95 0.281318125 1.3038725
v -0.95 0.469569375 1.278184375
v -0.95 0.37273875 1.291836875
v -0.95 0.397690625 1.272690625
v -0.95 0.155430625 1.278184375
v -0.95 0.25226125 1.291836875
v -0.95 0.487688125 1.23444125
v -0.95 0.4288725 1.2186818750000001
v -0.95 0.493868125 1.1875
v -0.95 0.432978125 1.1875
v -0.95 0.137311875 1.23444125
v -0.95 0.208163125 1.2477387500000001
v -0.95 0.487688125 1.14055875
v -0.95 0.4288725 1.156318125
v -0.95 0.131131875 1.1875
v -0.95 0.192021875 1.1875
v -0.95 0.137311875 1.14055875
v -0.95 0.208163125 1.12726125
v -0.95 0.469569375 1.096815625
v -0.95 0.397690625 1.102309375
v -0.95 0.37273875 1.083163125
v -0.95 0.155430625 1.096815625
v -0.95 0.25226125 1.083163125
v -0.9500000000000001 0.440746875 1.0592531250000001
v -0.9500000000000001 0.184253125 1.0592531250000001
v -0.9500000000000001 0.343681875 1.0711275
v -0.9500000000000001 0.281318125 1.0711275
v -0.9500000000000001 0.3125 1.067021875
v -0.9500000000000001 0.403184375 1.030430625
v -0.9500000000000001 0.221815625 1.030430625
v -0.9500000000000001 0.35944125 1.012311875
v -0.9500000000000001 0.26555875 1.012311875
v -0.9500000000000001 0.3125 1.0061318750000001
v -0.85 0.0526925 1.3375
v -0.95 0.1321875 1.3678125
v -0.95 0.09166375 1.315
v -0.85 0.100368125 1.399631875
v -0.95 0.53333625 1.315
v -0.85 0.6022775 1.265145625
v -0.95 0.55881125 1.25349875
v -0.85 0.5723075 1.3375
v -0.8500000000000001 0.100368125 0.975368125
v -0.9500000000000001 0.09166375 1.06
v -0.9500000000000001 0.1321875 1.0071875000000001
v -0.85 0.0526925 1.0375
v -0.95 0.4928125 1.3678125
v -0.85 0.524631875 1.399631875
v -0.8500000000000001 0.234854375 0.8977225
v -0.65 0.1625 0.9276925
v -0.8500000000000001 0.1625 0.9276925
v -0.65 0.234854375 0.8977225
v -0.6499999999999999 0.4625 1.4473075
v -0.85 0.390145625 1.4772775
v -0.6499999999999999 0.390145625 1.4772775
v -0.85 0.4625 1.4473075
v -0.95 0.55881125 1.1215012500000001
v -0.85 0.5723075 1.0375
v -0.9500000000000001 0.53333625 1.06
v -0.85 0.6022775 1.109854375
v -0.65 0.0125 1.1875
v -0.85 0.0227225 1.265145625
v -0.85 0.0125 1.1875
v -0.65 0.0227225 1.265145625
v -0.6499999999999999 0.234854375 1.4772775
v -0.85 0.1625 1.4473075
v -0.6499999999999999 0.1625 1.4473075
v -0.85 0.234854375 1.4772775
v -0.85 0.6125 1.1875
v -0.95 0.5675 1.1875
v -0.95 0.44 1.40833625
v -0.95 0.37849875 1.43381125
v -0.6499999999999999 0.524631875 1.399631875
v -0.85 0.3125 1.4875
v -0.95 0.24650125 1.43381125
v -0.95 0.3125 1.4425
v -0.65 0.100368125 0.975368125
v -0.65 0.0526925 1.0375
v -0.65 0.0227225 1.109854375
v -0.85 0.0227225 1.109854375
v -0.65 0.6022775 1.109854375
v -0.65 0.6125 1.1875
v -0.65 0.0526925 1.3375
v -0.6499999999999999 0.100368125 1.399631875
v -0.95 0.185 1.40833625
v -0.65 0.5723075 1.0375
v -0.8500000000000001 0.524631875 0.975368125
v -0.65 0.4625 0.9276925
v -0.8500000000000001 0.4625 0.9276925
v -0.65 0.524631875 0.975368125
v -0.6499999999999999 0.3125 1.4875
v -0.9500000000000001 0.4928125 1.0071875000000001
v -0.9500000000000001 0.37849875 0.94118875
v -0.8500000000000001 0.3125 0.8875
v -0.9500000000000001 0.3125 0.9325
v -0.8500000000000001 0.390145625 0.8977225
v -0.9500000000000001 0.44 0.96666375
v -0.9500000000000001 0.185 0.96666375
v -0.95 0.0575 1.1875
v -0.95 0.06618875 1.1215012500000001
v -0.65 0.6022775 1.265145625
v -0.65 0.5723075 1.3375
v -0.95 0.06618875 1.25349875
v -0.65 0.390145625 0.8977225
v -0.9500000000000001 0.24650125 0.94118875
v -0.95 0.3125 1.368868125
v -0.95 0.35944125 1.362688125
v -0.95 0.26555875 1.362688125
v -0.95 0.403184375 1.344569375
v -0.95 0.487688125 1.23444125
v -0.95 0.493868125 1.1875
v -0.95 0.487688125 1.14055875
v -0.95 0.131131875 1.1875
v -0.9500000000000001 0.403184375 1.030430625
v -0.9500000000000001 0.35944125 1.012311875
v -0.9500000000000001 0.26555875 1.012311875
v -0.9500000000000001 0.3125 1.0061318750000001
v -0.65 0.3125 0.8875
v -0.5499999999999999 0.24650125 1.43381125
v -0.5499999999999999 0.37849875 1.43381125
v -0.5499999999999999 0.3125 1.4425
v -0.5499999999999999 0.44 1.40833625
v -0.5499999999999999 0.185 1.40833625
v -0.5499999999999999 0.1321875 1.3678124999999999
v -0.5499999999999999 0.4928125 1.3678124999999999
v -0.5499999999999999 0.09166375 1.315
v -0.5499999999999999 0.53333625 1.315
v -0.55 0.06618875 1.2534987499999999
v -0.55 0.55881125 1.2534987499999999
v -0.55 0.0575 1.1875
v -0.55 0.5675 1.1875
v -0.55 0.06618875 1.12150125
v -0.55 0.55881125 1.12150125
v -0.55 0.09166375 1.06
v -0.55 0.53333625 1.06
v -0.55 0.1321875 1.0071875
v -0.55 0.4928125 1.0071875
v -0.55 0.185 0.9666637499999999
v -0.55 0.44 0.9666637499999999
v -0.55 0.24650125 0.94118875
v -0.55 0.37849875 0.94118875
v -0.55 0.3125 0.9325
vt 0.09375 0.29059124999999997
vt 0.09375 0.275
vt 0.09375 0.275
vt 0.09375 0.275
vt 0.09375 0.29059124999999997
vt 0.09375 0.30511937499999997
vt 0.09375 0.275
vt 0.09375 0.30511937499999997
vt 0.09375 0.275
vt 0.09375 0.275
vt 0.09375 0.30511937499999997
vt 0.09375 0.31759562500000005
vt 0.09375 0.275
vt 0.09375 0.31759562500000005
vt 0.09375 0.275
vt 0.09375 0.275
vt 0.09375 0.31759562500000005
vt 0.09375 0.32716875
vt 0.09375 0.275
vt 0.09375 0.32716875
vt 0.09375 0.275
vt 0.09375 0.275
vt 0.09375 0.32716875
vt 0.09375 0.33318625
vt 0.09375 0.275
vt 0.09375 0.33318625
vt 0.09375 0.275
vt 0.09375 0.275
vt 0.09375 0.33318625
vt 0.09375 0.33523875000000003
vt 0.09375 0.275
vt 0.09375 0.33523875000000003
vt 0.09375 0.275
vt 0.09375 0.275
vt 0.09375 0.33523875000000003
vt 0.09375 0.33318625
vt 0.09375 0.275
vt 0.09375 0.33318625
vt 0.09375 0.275
vt 0.09375 0.275
vt 0.09375 0.33318625
vt 0.09375 0.32716875
vt 0.09375 0.275
vt 0.09375 0.32716875
vt 0.09375 0.275
vt 0.09375 0.275
vt 0.09375 0.32716875
vt 0.09375 0.31759562500000005
vt 0.09375 0.275
vt 0.09375 0.31759562500000005
vt 0.09375 0.275
vt 0.09375 0.275
vt 0.09375 0.31759562500000005
vt 0.09375 0.30511937499999997
vt 0.09375 0.275
vt 0.09375 0.30511937499999997
vt 0.09375 0.275
vt 0.09375 0.275
vt 0.09375 0.30511937499999997
vt 0.09375 0.29059124999999997
vt 0.09375 0.275
vt 0.09375 0.29059124999999997
vt 0.09375 0.275
vt 0.09375 0.275
vt 0.09375 0.29059124999999997
vt 0.09375 0.275
vt 0.09375 0.315159375
vt 0.09375 0.31759562500000005
vt 0.09375 0.33179375
vt 0.09375 0.31759562500000005
vt 0.09375 0.34455812500000005
vt 0.09375 0.33179375
vt 0.09375 0.31759562500000005
vt 0.09375 0.315159375
vt 0.09375 0.30511937499999997
vt 0.09375 0.34455812500000005
vt 0.09375 0.31759562500000005
vt 0.09375 0.32716875
vt 0.09375 0.29578812499999996
vt 0.09375 0.30511937499999997
vt 0.09375 0.315159375
vt 0.09375 0.32716875
vt 0.09375 0.35258187500000004
vt 0.09375 0.34455812500000005
vt 0.09375 0.30511937499999997
vt 0.09375 0.29578812499999996
vt 0.09375 0.29059124999999997
vt 0.09375 0.35258187500000004
vt 0.09375 0.32716875
vt 0.09375 0.33318625
vt 0.09375 0.33318625
vt 0.09375 0.35531875
vt 0.09375 0.35258187500000004
vt 0.09375 0.35531875
vt 0.09375 0.33318625
vt 0.09375 0.33523875000000003
vt 0.09375 0.33523875000000003
vt 0.09375 0.35258187500000004
vt 0.09375 0.35531875
vt 0.09375 0.35258187500000004
vt 0.09375 0.33523875000000003
vt 0.09375 0.33318625
vt 0.09375 0.33318625
vt 0.09375 0.34455812500000005
vt 0.09375 0.35258187500000004
vt 0.09375 0.34455812500000005
vt 0.09375 0.33318625
vt 0.09375 0.32716875
vt 0.09375 0.32716875
vt 0.09375 0.33179375
vt 0.09375 0.34455812500000005
vt 0.09375 0.33179375
vt 0.09375 0.32716875
vt 0.09375 0.31759562500000005
vt 0.09375 0.31759562500000005
vt 0.09375 0.315159375
vt 0.09375 0.33179375
vt 0.09375 0.315159375
vt 0.09375 0.31759562500000005
vt 0.09375 0.30511937499999997
vt 0.09375 0.30511937499999997
vt 0.09375 0.29578812499999996
vt 0.09375 0.315159375
vt 0.09375 0.29578812499999996
vt 0.09375 0.30511937499999997
vt 0.09375 0.29059124999999997
vt 0.09375 0.29059124999999997
vt 0.09375 0.275
vt 0.09375 0.29578812499999996
vt 0.09375 0.275
vt 0.09375 0.29059124999999997
vt 0.09375 0.275
vt 0.09375 0.275
vt 0.09375 0.275
vt 0.09375 0.275
vt 0.09375 0.275
vt 0.09375 0.275
vt 0.09375 0.275
vt 0.09375 0.275
vt 0.09375 0.275
vt 0.09375 0.275
vt 0.09375 0.275
vt 0.09375 0.275
vt 0.09375 0.275
vt 0.09375 0.275
vt 0.09375 0.275
vt 0.09375 0.275
vt 0.09375 0.275
vt 0.09375 0.275
vt 0.09375 0.275
vt 0.09375 0.275
vt 0.09375 0.275
vt 0.09375 0.275
vt 0.09375 0.275
vt 0.09375 0.275
vt 0.09375 0.275
vt 0.09375 0.275
vt 0.09375 0.275
vt 0.09375 0.275
vt 0.09375 0.275
vt 0.09375 0.275
vt 0.09375 0.275
vt 0.09375 0.275
vt 0.09375 0.275
vt 0.09375 0.275
vt 0.09375 0.275
vt 0.09375 0.275
vt 0.09375 0.275
vt 0.09375 0.275
vt 0.09375 0.275
vt 0.09375 0.275
vt 0.09375 0.275
vt 0.09375 0.275
vt 0.09375 0.275
vt 0.09375 0.275
vt 0.09375 0.275
vt 0.09375 0.275
vt 0.09375 0.275
vt 0.09375 0.275
vt 0.09375 0.275
vt 0.09375 0.275
vt 0.09375 0.275
vt 0.09375 0.275
vt 0.09375 0.275
vt 0.09375 0.275
vt 0.09375 0.275
vt 0.09375 0.275
vt 0.09375 0.275
vt 0.09375 0.275
vt 0.09375 0.275
vt 0.09375 0.275
vt 0.09375 0.275
vt 0.09375 0.275
vt 0.09375 0.275
vt 0.09375 0.275
vt 0.09375 0.275
vt 0.09375 0.275
vt 0.09375 0.275
vt 0.09375 0.275
vt 0.09375 0.275
vt 0.09375 0.275
vt 0.09375 0.275
vt 0.09375 0.275
vt 0.09375 0.275
vt 0.09375 0.29059124999999997
vt 0.09375 0.275
vt 0.09375 0.275
vt 0.09375 0.275
vt 0.09375 0.29059124999999997
vt 0.09375 0.29578812499999996
vt 0.09375 0.40088187500000005
vt 0.09375 0.34911812499999995
vt 0.09375 0.375
vt 0.09375 0.34911812499999995
vt 0.09375 0.40088187500000005
vt 0.09375 0.42500000000000004
vt 0.09375 0.34911812499999995
vt 0.09375 0.42500000000000004
vt 0.09375 0.32499999999999996
vt 0.09375 0.32499999999999996
vt 0.09375 0.42500000000000004
vt 0.09375 0.445710625
vt 0.09375 0.32499999999999996
vt 0.09375 0.445710625
vt 0.09375 0.304289375
vt 0.09375 0.304289375
vt 0.09375 0.445710625
vt 0.09375 0.375
vt 0.09375 0.445710625
vt 0.09375 0.39219250000000005
vt 0.09375 0.375
vt 0.09375 0.304289375
vt 0.09375 0.375
vt 0.09375 0.35780749999999995
vt 0.09375 0.39219250000000005
vt 0.09375 0.445710625
vt 0.09375 0.4616025
vt 0.09375 0.39219250000000005
vt 0.09375 0.4616025
vt 0.09375 0.40821375000000004
vt 0.09375 0.40821375000000004
vt 0.09375 0.4616025
vt 0.09375 0.42197125
vt 0.09375 0.304289375
vt 0.09375 0.35780749999999995
vt 0.09375 0.2883975
vt 0.09375 0.2883975
vt 0.09375 0.35780749999999995
vt 0.09375 0.34178624999999996
vt 0.09375 0.2883975
vt 0.09375 0.34178624999999996
vt 0.09375 0.32802875
vt 0.09375 0.42197125
vt 0.09375 0.4616025
vt 0.09375 0.47159249999999997
vt 0.09375 0.42197125
vt 0.09375 0.47159249999999997
vt 0.09375 0.43252749999999995
vt 0.09375 0.43252749999999995
vt 0.09375 0.47159249999999997
vt 0.09375 0.43916374999999996
vt 0.09375 0.43916374999999996
vt 0.09375 0.47159249999999997
vt 0.09375 0.475
vt 0.09375 0.43916374999999996
vt 0.09375 0.475
vt 0.09375 0.4414275
vt 0.09375 0.2883975
vt 0.09375 0.32802875
vt 0.09375 0.27840750000000003
vt 0.09375 0.27840750000000003
vt 0.09375 0.32802875
vt 0.09375 0.31747250000000005
vt 0.09375 0.27840750000000003
vt 0.09375 0.31747250000000005
vt 0.09375 0.31083625000000004
vt 0.09375 0.4414275
vt 0.09375 0.475
vt 0.09375 0.47159249999999997
vt 0.09375 0.4414275
vt 0.09375 0.47159249999999997
vt 0.09375 0.43916374999999996
vt 0.09375 0.43916374999999996
vt 0.09375 0.47159249999999997
vt 0.09375 0.43252749999999995
vt 0.09375 0.27840750000000003
vt 0.09375 0.31083625000000004
vt 0.09375 0.275
vt 0.09375 0.275
vt 0.09375 0.31083625000000004
vt 0.09375 0.3085725
vt 0.09375 0.275
vt 0.09375 0.3085725
vt 0.09375 0.31083625000000004
vt 0.09375 0.275
vt 0.09375 0.31083625000000004
vt 0.09375 0.27840750000000003
vt 0.09375 0.27840750000000003
vt 0.09375 0.31083625000000004
vt 0.09375 0.31747250000000005
vt 0.09375 0.43252749999999995
vt 0.09375 0.47159249999999997
vt 0.09375 0.4616025
vt 0.09375 0.43252749999999995
vt 0.09375 0.4616025
vt 0.09375 0.42197125
vt 0.09375 0.42197125
vt 0.09375 0.4616025
vt 0.09375 0.40821375000000004
vt 0.09375 0.27840750000000003
vt 0.09375 0.31747250000000005
vt 0.09375 0.2883975
vt 0.09375 0.2883975
vt 0.09375 0.31747250000000005
vt 0.09375 0.32802875
vt 0.09375 0.2883975
vt 0.09375 0.32802875
vt 0.09375 0.34178624999999996
vt 0.09375 0.40821375000000004
vt 0.09375 0.4616025
vt 0.09375 0.445710625
vt 0.09375 0.2883975
vt 0.09375 0.34178624999999996
vt 0.09375 0.304289375
vt 0.09375 0.40821375000000004
vt 0.09375 0.445710625
vt 0.09375 0.39219250000000005
vt 0.09375 0.304289375
vt 0.09375 0.34178624999999996
vt 0.09375 0.35780749999999995
vt 0.09375 0.39219250000000005
vt 0.09375 0.445710625
vt 0.09375 0.375
vt 0.09375 0.304289375
vt 0.09375 0.35780749999999995
vt 0.09375 0.375
vt 0.09375 0.304289375
vt 0.09375 0.375
vt 0.09375 0.445710625
vt 0.09375 0.304289375
vt 0.09375 0.445710625
vt 0.09375 0.42500000000000004
vt 0.09375 0.304289375
vt 0.09375 0.42500000000000004
vt 0.09375 0.32499999999999996
vt 0.09375 0.32499999999999996
vt 0.09375 0.42500000000000004
vt 0.09375 0.40088187500000005
vt 0.09375 0.32499999999999996
vt 0.09375 0.40088187500000005
vt 0.09375 0.34911812499999995
vt 0.09375 0.34911812499999995
vt 0.09375 0.40088187500000005
vt 0.09375 0.375
vt 0.59375 0.025000000000000022
vt 0.59375 0.025000000000000022
vt 0.59375 0.025000000000000022
vt 0.59375 0.025000000000000022
vt 0.59375 0.025000000000000022
vt 0.59375 0.025000000000000022
vt 0.59375 0.17222437499999999
vt 0.59375 0.21818499999999996
vt 0.59375 0.18920749999999997
vt 0.59375 0.21818499999999996
vt 0.59375 0.17222437499999999
vt 0.59375 0.19820499999999996
vt 0.59375 0.025000000000000022
vt 0.59375 0.025000000000000022
vt 0.59375 0.025000000000000022
vt 0.59375 0.025000000000000022
vt 0.59375 0.025000000000000022
vt 0.59375 0.025000000000000022
vt 0.59375 0.14520812500000002
vt 0.59375 0.19820499999999996
vt 0.59375 0.17222437499999999
vt 0.59375 0.19820499999999996
vt 0.59375 0.14520812500000002
vt 0.59375 0.16642124999999997
vt 0.59375 0.025000000000000022
vt 0.59375 0.025000000000000022
vt 0.59375 0.025000000000000022
vt 0.59375 0.025000000000000022
vt 0.59375 0.025000000000000022
vt 0.59375 0.025000000000000022
vt 0.59375 0.125
vt 0.59375 0.07676375000000002
vt 0.59375 0.07676375000000002
vt 0.59375 0.07676375000000002
vt 0.59375 0.125
vt 0.59375 0.125
vt 0.59375 0.18920749999999997
vt 0.59375 0.19820499999999996
vt 0.59375 0.17222437499999999
vt 0.59375 0.19820499999999996
vt 0.59375 0.18920749999999997
vt 0.59375 0.21818499999999996
vt 0.59375 0.025000000000000022
vt 0.59375 0.025000000000000022
vt 0.59375 0.025000000000000022
vt 0.59375 0.025000000000000022
vt 0.59375 0.025000000000000022
vt 0.59375 0.025000000000000022
vt 0.59375 0.025000000000000022
vt 0.59375 0.025000000000000022
vt 0.59375 0.025000000000000022
vt 0.59375 0.025000000000000022
vt 0.59375 0.025000000000000022
vt 0.59375 0.025000000000000022
vt 0.59375 0.18920749999999997
vt 0.59375 0.22499999999999998
vt 0.59375 0.19499999999999995
vt 0.59375 0.22499999999999998
vt 0.59375 0.18920749999999997
vt 0.59375 0.21818499999999996
vt 0.59375 0.07676375000000002
vt 0.59375 0.10999999999999999
vt 0.59375 0.06899937499999997
vt 0.59375 0.10999999999999999
vt 0.59375 0.07676375000000002
vt 0.59375 0.125
vt 0.59375 0.16642124999999997
vt 0.59375 0.125
vt 0.59375 0.125
vt 0.59375 0.125
vt 0.59375 0.16642124999999997
vt 0.59375 0.16642124999999997
vt 0.59375 0.025000000000000022
vt 0.59375 0.025000000000000022
vt 0.59375 0.025000000000000022
vt 0.59375 0.025000000000000022
vt 0.59375 0.025000000000000022
vt 0.59375 0.025000000000000022
vt 0.59375 0.025000000000000022
vt 0.59375 0.025000000000000022
vt 0.59375 0.025000000000000022
vt 0.59375 0.025000000000000022
vt 0.59375 0.025000000000000022
vt 0.59375 0.025000000000000022
vt 0.59375 0.025000000000000022
vt 0.59375 0.025000000000000022
vt 0.59375 0.025000000000000022
vt 0.59375 0.025000000000000022
vt 0.59375 0.025000000000000022
vt 0.59375 0.025000000000000022
vt 0.59375 0.125
vt 0.59375 0.14520812500000002
vt 0.59375 0.10999999999999999
vt 0.59375 0.14520812500000002
vt 0.59375 0.125
vt 0.59375 0.16642124999999997
vt 0.59375 0.025000000000000022
vt 0.59375 0.025000000000000022
vt 0.59375 0.025000000000000022
vt 0.59375 0.025000000000000022
vt 0.59375 0.025000000000000022
vt 0.59375 0.025000000000000022
vt 0.59375 0.22499999999999998
vt 0.59375 0.21818499999999996
vt 0.59375 0.21818499999999996
vt 0.59375 0.21818499999999996
vt 0.59375 0.22499999999999998
vt 0.59375 0.22499999999999998
vt 0.59375 0.025000000000000022
vt 0.59375 0.025000000000000022
vt 0.59375 0.025000000000000022
vt 0.59375 0.025000000000000022
vt 0.59375 0.025000000000000022
vt 0.59375 0.025000000000000022
vt 0.59375 0.025000000000000022
vt 0.59375 0.025000000000000022
vt 0.59375 0.025000000000000022
vt 0.59375 0.025000000000000022
vt 0.59375 0.025000000000000022
vt 0.59375 0.025000000000000022
vt 0.59375 0.025000000000000022
vt 0.59375 0.025000000000000022
vt 0.59375 0.025000000000000022
vt 0.59375 0.025000000000000022
vt 0.59375 0.025000000000000022
vt 0.59375 0.025000000000000022
vt 0.59375 0.19499999999999995
vt 0.59375 0.21818499999999996
vt 0.59375 0.18920749999999997
vt 0.59375 0.21818499999999996
vt 0.59375 0.19499999999999995
vt 0.59375 0.22499999999999998
vt 0.59375 0.21818499999999996
vt 0.59375 0.19820499999999996
vt 0.59375 0.19820499999999996
vt 0.59375 0.19820499999999996
vt 0.59375 0.21818499999999996
vt 0.59375 0.21818499999999996
vt 0.59375 0.16642124999999997
vt 0.59375 0.125
vt 0.59375 0.125
vt 0.59375 0.125
vt 0.59375 0.16642124999999997
vt 0.59375 0.16642124999999997
vt 0.59375 0.19820499999999996
vt 0.59375 0.16642124999999997
vt 0.59375 0.16642124999999997
vt 0.59375 0.16642124999999997
vt 0.59375 0.19820499999999996
vt 0.59375 0.19820499999999996
vt 0.59375 0.025000000000000022
vt 0.59375 0.025000000000000022
vt 0.59375 0.025000000000000022
vt 0.59375 0.025000000000000022
vt 0.59375 0.025000000000000022
vt 0.59375 0.025000000000000022
vt 0.59375 0.025000000000000022
vt 0.59375 0.025000000000000022
vt 0.59375 0.025000000000000022
vt 0.59375 0.025000000000000022
vt 0.59375 0.025000000000000022
vt 0.59375 0.025000000000000022
vt 0.59375 0.17222437499999999
vt 0.59375 0.16642124999999997
vt 0.59375 0.14520812500000002
vt 0.59375 0.16642124999999997
vt 0.59375 0.17222437499999999
vt 0.59375 0.19820499999999996
vt 0.59375 0.06899937499999997
vt 0.59375 0.025000000000000022
vt 0.59375 0.025000000000000022
vt 0.59375 0.025000000000000022
vt 0.59375 0.06899937499999997
vt 0.59375 0.07676375000000002
vt 0.59375 0.14520812500000002
vt 0.59375 0.125
vt 0.59375 0.10999999999999999
vt 0.59375 0.125
vt 0.59375 0.14520812500000002
vt 0.59375 0.16642124999999997
vt 0.59375 0.025000000000000022
vt 0.59375 0.025000000000000022
vt 0.59375 0.025000000000000022
vt 0.59375 0.025000000000000022
vt 0.59375 0.025000000000000022
vt 0.59375 0.025000000000000022
vt 0.59375 0.025000000000000022
vt 0.59375 0.025000000000000022
vt 0.59375 0.025000000000000022
vt 0.59375 0.025000000000000022
vt 0.59375 0.025000000000000022
vt 0.59375 0.025000000000000022
vt 0.59375 0.025000000000000022
vt 0.59375 0.025000000000000022
vt 0.59375 0.025000000000000022
vt 0.59375 0.025000000000000022
vt 0.59375 0.025000000000000022
vt 0.59375 0.025000000000000022
vt 0.59375 0.19820499999999996
vt 0.59375 0.21818499999999996
vt 0.59375 0.21818499999999996
vt 0.59375 0.21818499999999996
vt 0.59375 0.19820499999999996
vt 0.59375 0.19820499999999996
vt 0.59375 0.16642124999999997
vt 0.59375 0.19820499999999996
vt 0.59375 0.19820499999999996
vt 0.59375 0.19820499999999996
vt 0.59375 0.16642124999999997
vt 0.59375 0.16642124999999997
vt 0.59375 0.025000000000000022
vt 0.59375 0.025000000000000022
vt 0.59375 0.025000000000000022
vt 0.59375 0.025000000000000022
vt 0.59375 0.025000000000000022
vt 0.59375 0.025000000000000022
vt 0.59375 0.125
vt 0.59375 0.07676375000000002
vt 0.59375 0.07676375000000002
vt 0.59375 0.07676375000000002
vt 0.59375 0.125
vt 0.59375 0.125
vt 0.59375 0.025000000000000022
vt 0.59375 0.025000000000000022
vt 0.59375 0.025000000000000022
vt 0.59375 0.025000000000000022
vt 0.59375 0.025000000000000022
vt 0.59375 0.025000000000000022
vt 0.59375 0.025000000000000022
vt 0.59375 0.025000000000000022
vt 0.59375 0.025000000000000022
vt 0.59375 0.025000000000000022
vt 0.59375 0.025000000000000022
vt 0.59375 0.025000000000000022
vt 0.59375 0.06899937499999997
vt 0.59375 0.025000000000000022
vt 0.59375 0.025000000000000022
vt 0.59375 0.025000000000000022
vt 0.59375 0.06899937499999997
vt 0.59375 0.10999999999999999
vt 0.59375 0.025000000000000022
vt 0.59375 0.10999999999999999
vt 0.59375 0.025000000000000022
vt 0.59375 0.025000000000000022
vt 0.59375 0.10999999999999999
vt 0.59375 0.14520812500000002
vt 0.59375 0.025000000000000022
vt 0.59375 0.14520812500000002
vt 0.59375 0.025000000000000022
vt 0.59375 0.025000000000000022
vt 0.59375 0.025000000000000022
vt 0.59375 0.025000000000000022
vt 0.59375 0.025000000000000022
vt 0.59375 0.14520812500000002
vt 0.59375 0.05629437500000001
vt 0.59375 0.025000000000000022
vt 0.59375 0.025000000000000022
vt 0.59375 0.025000000000000022
vt 0.59375 0.05629437500000001
vt 0.59375 0.14520812500000002
vt 0.59375 0.17222437499999999
vt 0.59375 0.025000000000000022
vt 0.59375 0.025000000000000022
vt 0.59375 0.025000000000000022
vt 0.59375 0.05629437500000001
vt 0.59375 0.17222437499999999
vt 0.59375 0.08545625000000001
vt 0.59375 0.08545625000000001
vt 0.59375 0.17222437499999999
vt 0.59375 0.11049750000000003
vt 0.59375 0.11049750000000003
vt 0.59375 0.17222437499999999
vt 0.59375 0.12971312499999998
vt 0.59375 0.12971312499999998
vt 0.59375 0.17222437499999999
vt 0.59375 0.18920749999999997
vt 0.59375 0.12971312499999998
vt 0.59375 0.18920749999999997
vt 0.59375 0.141791875
vt 0.59375 0.141791875
vt 0.59375 0.18920749999999997
vt 0.59375 0.19499999999999995
vt 0.59375 0.141791875
vt 0.59375 0.19499999999999995
vt 0.59375 0.14591187500000002
vt 0.59375 0.025000000000000022
vt 0.59375 0.025000000000000022
vt 0.59375 0.025000000000000022
vt 0.59375 0.025000000000000022
vt 0.59375 0.025000000000000022
vt 0.59375 0.025000000000000022
vt 0.59375 0.025000000000000022
vt 0.59375 0.025000000000000022
vt 0.59375 0.025000000000000022
vt 0.59375 0.025000000000000022
vt 0.59375 0.025000000000000022
vt 0.59375 0.025000000000000022
vt 0.59375 0.025000000000000022
vt 0.59375 0.025000000000000022
vt 0.59375 0.025000000000000022
vt 0.59375 0.14591187500000002
vt 0.59375 0.19499999999999995
vt 0.59375 0.18920749999999997
vt 0.59375 0.14591187500000002
vt 0.59375 0.18920749999999997
vt 0.59375 0.141791875
vt 0.59375 0.141791875
vt 0.59375 0.18920749999999997
vt 0.59375 0.12971312499999998
vt 0.59375 0.12971312499999998
vt 0.59375 0.18920749999999997
vt 0.59375 0.17222437499999999
vt 0.59375 0.12971312499999998
vt 0.59375 0.17222437499999999
vt 0.59375 0.11049750000000003
vt 0.59375 0.025000000000000022
vt 0.59375 0.025000000000000022
vt 0.59375 0.025000000000000022
vt 0.59375 0.025000000000000022
vt 0.59375 0.025000000000000022
vt 0.59375 0.025000000000000022
vt 0.59375 0.025000000000000022
vt 0.59375 0.025000000000000022
vt 0.59375 0.025000000000000022
vt 0.59375 0.025000000000000022
vt 0.59375 0.025000000000000022
vt 0.59375 0.025000000000000022
vt 0.59375 0.025000000000000022
vt 0.59375 0.025000000000000022
vt 0.59375 0.025000000000000022
vt 0.59375 0.025000000000000022
vt 0.59375 0.025000000000000022
vt 0.59375 0.025000000000000022
vt 0.59375 0.025000000000000022
vt 0.59375 0.025000000000000022
vt 0.59375 0.025000000000000022
vt 0.59375 0.11049750000000003
vt 0.59375 0.17222437499999999
vt 0.59375 0.14520812500000002
vt 0.59375 0.025000000000000022
vt 0.59375 0.025000000000000022
vt 0.59375 0.025000000000000022
vt 0.59375 0.11049750000000003
vt 0.59375 0.14520812500000002
vt 0.59375 0.08545625000000001
vt 0.59375 0.08545625000000001
vt 0.59375 0.14520812500000002
vt 0.59375 0.05629437500000001
vt 0.59375 0.025000000000000022
vt 0.59375 0.025000000000000022
vt 0.59375 0.025000000000000022
vt 0.59375 0.025000000000000022
vt 0.59375 0.025000000000000022
vt 0.59375 0.025000000000000022
vt 0.59375 0.05629437500000001
vt 0.59375 0.14520812500000002
vt 0.59375 0.025000000000000022
vt 0.59375 0.025000000000000022
vt 0.59375 0.025000000000000022
vt 0.59375 0.025000000000000022
vt 0.59375 0.025000000000000022
vt 0.59375 0.14520812500000002
vt 0.59375 0.10999999999999999
vt 0.59375 0.025000000000000022
vt 0.59375 0.025000000000000022
vt 0.59375 0.025000000000000022
vt 0.59375 0.025000000000000022
vt 0.59375 0.025000000000000022
vt 0.59375 0.10999999999999999
vt 0.59375 0.025000000000000022
vt 0.59375 0.10999999999999999
vt 0.59375 0.06899937499999997
vt 0.59375 0.025000000000000022
vt 0.59375 0.06899937499999997
vt 0.59375 0.025000000000000022
vt 0.59375 0.025000000000000022
vt 0.59375 0.06899937499999997
vt 0.59375 0.025000000000000022
vt 0.59375 0.025000000000000022
vt 0.59375 0.025000000000000022
vt 0.59375 0.025000000000000022
vt 0.59375 0.025000000000000022
vt 0.59375 0.025000000000000022
vt 0.59375 0.025000000000000022
vt 0.59375 0.10999999999999999
vt 0.59375 0.07676375000000002
vt 0.59375 0.06899937499999997
vt 0.59375 0.07676375000000002
vt 0.59375 0.10999999999999999
vt 0.59375 0.125
vt 0.59375 0.025000000000000022
vt 0.59375 0.025000000000000022
vt 0.59375 0.025000000000000022
vt 0.59375 0.025000000000000022
vt 0.59375 0.025000000000000022
vt 0.59375 0.025000000000000022
vt 0.59375 0.21818499999999996
vt 0.59375 0.22499999999999998
vt 0.59375 0.22499999999999998
vt 0.59375 0.22499999999999998
vt 0.59375 0.21818499999999996
vt 0.59375 0.21818499999999996
vt 0.59375 0.025000000000000022
vt 0.59375 0.025000000000000022
vt 0.59375 0.025000000000000022
vt 0.59375 0.025000000000000022
vt 0.59375 0.025000000000000022
vt 0.59375 0.025000000000000022
vt 0.59375 0.07676375000000002
vt 0.59375 0.025000000000000022
vt 0.59375 0.025000000000000022
vt 0.59375 0.025000000000000022
vt 0.59375 0.07676375000000002
vt 0.59375 0.07676375000000002
vt 0.59375 0.07676375000000002
vt 0.59375 0.025000000000000022
vt 0.59375 0.025000000000000022
vt 0.59375 0.025000000000000022
vt 0.59375 0.07676375000000002
vt 0.59375 0.07676375000000002
vt 0.59375 0.07676375000000002
vt 0.59375 0.025000000000000022
vt 0.59375 0.025000000000000022
vt 0.59375 0.025000000000000022
vt 0.59375 0.07676375000000002
vt 0.59375 0.06899937499999997
vt 0.59375 0.025000000000000022
vt 0.59375 0.025000000000000022
vt 0.59375 0.025000000000000022
vt 0.59375 0.025000000000000022
vt 0.59375 0.025000000000000022
vt 0.59375 0.025000000000000022
vt 0.59375 0.025000000000000022
vt 0.59375 0.06899937499999997
vt 0.59375 0.025000000000000022
vt 0.59375 0.06899937499999997
vt 0.59375 0.025000000000000022
vt 0.59375 0.10999999999999999
vt 0.59375 0.10999999999999999
vt 0.59375 0.025000000000000022
vt 0.59375 0.025000000000000022
vt 0.59375 0.10999999999999999
vt 0.59375 0.025000000000000022
vt 0.59375 0.025000000000000022
vt 0.59375 0.10999999999999999
vt 0.59375 0.025000000000000022
vt 0.59375 0.14520812500000002
vt 0.59375 0.14520812500000002
vt 0.59375 0.025000000000000022
vt 0.59375 0.025000000000000022
vt 0.59375 0.14520812500000002
vt 0.59375 0.025000000000000022
vt 0.59375 0.17222437499999999
vt 0.59375 0.17222437499999999
vt 0.59375 0.025000000000000022
vt 0.59375 0.025000000000000022
vt 0.59375 0.17222437499999999
vt 0.59375 0.025000000000000022
vt 0.59375 0.18920749999999997
vt 0.59375 0.18920749999999997
vt 0.59375 0.025000000000000022
vt 0.59375 0.025000000000000022
vt 0.59375 0.18920749999999997
vt 0.59375 0.025000000000000022
vt 0.59375 0.19499999999999995
vt 0.59375 0.19499999999999995
vt 0.59375 0.025000000000000022
vt 0.59375 0.025000000000000022
vt 0.59375 0.19499999999999995
vt 0.59375 0.025000000000000022
vt 0.59375 0.18920749999999997
vt 0.59375 0.18920749999999997
vt 0.59375 0.025000000000000022
vt 0.59375 0.025000000000000022
vt 0.59375 0.18920749999999997
vt 0.59375 0.025000000000000022
vt 0.59375 0.17222437499999999
vt 0.59375 0.17222437499999999
vt 0.59375 0.025000000000000022
vt 0.59375 0.025000000000000022
vt 0.59375 0.17222437499999999
vt 0.59375 0.025000000000000022
vt 0.59375 0.14520812500000002
vt 0.59375 0.14520812500000002
vt 0.59375 0.025000000000000022
vt 0.59375 0.025000000000000022
vt 0.59375 0.14520812500000002
vt 0.59375 0.025000000000000022
vt 0.59375 0.10999999999999999
vt 0.59375 0.10999999999999999
vt 0.59375 0.025000000000000022
vt 0.59375 0.025000000000000022
vt 0.59375 0.10999999999999999
vt 0.59375 0.025000000000000022
vt 0.59375 0.06899937499999997
vt 0.59375 0.06899937499999997
vt 0.59375 0.025000000000000022
vt 0.59375 0.025000000000000022
vt 0.59375 0.06899937499999997
vt 0.59375 0.025000000000000022
vt 0.59375 0.025000000000000022
vt 0.59375 0.025000000000000022
vt 0.59375 0.06899937499999997
vt 0.59375 0.07676375000000002
vt 0.59375 0.025000000000000022
vt 0.59375 0.025000000000000022
vt 0.59375 0.025000000000000022
vt 0.59375 0.025000000000000022
vt 0.59375 0.025000000000000022
vt 0.59375 0.025000000000000022
vt 0.59375 0.025000000000000022
vt 0.59375 0.025000000000000022
vt 0.59375 0.025000000000000022
vt 0.59375 0.025000000000000022
vt 0.59375 0.025000000000000022
vt 0.59375 0.025000000000000022
vt 0.59375 0.025000000000000022
vt 0.59375 0.025000000000000022
vt 0.59375 0.025000000000000022
vt 0.59375 0.025000000000000022
vt 0.59375 0.025000000000000022
vt 0.59375 0.025000000000000022
vt 0.59375 0.025000000000000022
vt 0.59375 0.025000000000000022
vt 0.59375 0.025000000000000022
vt 0.59375 0.025000000000000022
vt 0.59375 0.025000000000000022
vt 0.59375 0.025000000000000022
vt 0.59375 0.025000000000000022
vt 0.59375 0.025000000000000022
vt 0.59375 0.025000000000000022
vt 0.59375 0.025000000000000022
vt 0.59375 0.025000000000000022
vt 0.59375 0.025000000000000022
vt 0.59375 0.025000000000000022
vt 0.59375 0.025000000000000022
vt 0.59375 0.025000000000000022
vt 0.59375 0.025000000000000022
vt 0.59375 0.025000000000000022
vt 0.59375 0.025000000000000022
vt 0.59375 0.025000000000000022
vt 0.59375 0.025000000000000022
vt 0.59375 0.025000000000000022
vt 0.59375 0.025000000000000022
vt 0.59375 0.025000000000000022
vt 0.59375 0.025000000000000022
vt 0.59375 0.025000000000000022
vt 0.59375 0.025000000000000022
vt 0.59375 0.025000000000000022
vt 0.59375 0.025000000000000022
vt 0.59375 0.025000000000000022
vt 0.59375 0.025000000000000022
vt 0.59375 0.025000000000000022
vt 0.59375 0.025000000000000022
vt 0.59375 0.025000000000000022
vt 0.59375 0.025000000000000022
vt 0.59375 0.025000000000000022
vt 0.59375 0.025000000000000022
vt 0.59375 0.125
vt 0.59375 0.14520812500000002
vt 0.59375 0.10999999999999999
vt 0.59375 0.14520812500000002
vt 0.59375 0.125
vt 0.59375 0.16642124999999997
vt 0.59375 0.025000000000000022
vt 0.59375 0.025000000000000022
vt 0.59375 0.025000000000000022
vt 0.59375 0.025000000000000022
vt 0.59375 0.025000000000000022
vt 0.59375 0.025000000000000022
vt 0.59375 0.19820499999999996
vt 0.59375 0.18920749999999997
vt 0.59375 0.21818499999999996
vt 0.59375 0.18920749999999997
vt 0.59375 0.19820499999999996
vt 0.59375 0.17222437499999999
vt 0.59375 0.14520812500000002
vt 0.59375 0.125
vt 0.59375 0.10999999999999999
vt 0.59375 0.125
vt 0.59375 0.14520812500000002
vt 0.59375 0.16642124999999997
vt 0.59375 0.21818499999999996
vt 0.59375 0.19499999999999995
vt 0.59375 0.22499999999999998
vt 0.59375 0.19499999999999995
vt 0.59375 0.21818499999999996
vt 0.59375 0.18920749999999997
vt 0.59375 0.10999999999999999
vt 0.59375 0.07676375000000002
vt 0.59375 0.06899937499999997
vt 0.59375 0.07676375000000002
vt 0.59375 0.10999999999999999
vt 0.59375 0.125
vt 0.59375 0.025000000000000022
vt 0.59375 0.025000000000000022
vt 0.59375 0.025000000000000022
vt 0.59375 0.025000000000000022
vt 0.59375 0.025000000000000022
vt 0.59375 0.025000000000000022
vt 0.59375 0.07676375000000002
vt 0.59375 0.10999999999999999
vt 0.59375 0.06899937499999997
vt 0.59375 0.10999999999999999
vt 0.59375 0.07676375000000002
vt 0.59375 0.125
vt 0.59375 0.19820499999999996
vt 0.59375 0.14520812500000002
vt 0.59375 0.16642124999999997
vt 0.59375 0.14520812500000002
vt 0.59375 0.19820499999999996
vt 0.59375 0.17222437499999999
vt 0.59375 0.22499999999999998
vt 0.59375 0.18920749999999997
vt 0.59375 0.21818499999999996
vt 0.59375 0.18920749999999997
vt 0.59375 0.22499999999999998
vt 0.59375 0.19499999999999995
vt 0.59375 0.025000000000000022
vt 0.59375 0.025000000000000022
vt 0.59375 0.025000000000000022
vt 0.59375 0.025000000000000022
vt 0.59375 0.025000000000000022
vt 0.59375 0.025000000000000022
vt 0.59375 0.21818499999999996
vt 0.59375 0.17222437499999999
vt 0.59375 0.19820499999999996
vt 0.59375 0.17222437499999999
vt 0.59375 0.21818499999999996
vt 0.59375 0.18920749999999997
vt 0.59375 0.07676375000000002
vt 0.59375 0.025000000000000022
vt 0.59375 0.025000000000000022
vt 0.59375 0.025000000000000022
vt 0.59375 0.07676375000000002
vt 0.59375 0.06899937499999997
vt 0.59375 0.16642124999999997
vt 0.59375 0.17222437499999999
vt 0.59375 0.19820499999999996
vt 0.59375 0.17222437499999999
vt 0.59375 0.16642124999999997
vt 0.59375 0.14520812500000002
vn -1 0 1.2246467991473532e-16
vn -1 0 1.2246467991473532e-16
vn -1 0 1.2246467991473532e-16
vn -1 0 1.2246467991473532e-16
vn -1 0 1.2246467991473532e-16
vn -1 0 1.2246467991473532e-16
vn -1 0 1.2246467991473532e-16
vn -1 0 1.2246467991473532e-16
vn -1 0 1.2246467991473532e-16
vn -1 0 1.2246467991473532e-16
vn -1 0 1.2246467991473532e-16
vn -1 0 1.2246467991473532e-16
vn -1 0 1.2246467991473532e-16
vn -1 0 1.2246467991473532e-16
vn -1 0 1.2246467991473532e-16
vn -1 0 1.2246467991473532e-16
vn -1 0 1.2246467991473532e-16
vn -1 0 1.2246467991473532e-16
vn -1 0 1.2246467991473532e-16
vn -1 0 1.2246467991473532e-16
vn -1 0 1.2246467991473532e-16
vn -1 0 1.2246467991473532e-16
vn -0.512746542048784 -0.5226461057319335 0.6811255624187507
vn -0.512746542048784 -0.6811255624187506 0.5226461057319334
vn -0.5127487983493916 -0.5226408730528569 0.6811278790402009
vn -0.5127487983493918 -0.6811278790402011 0.5226408730528567
vn -0.5127495704199422 -0.3285454012344252 0.7931871137139556
vn -0.5127495704199423 -0.7931871137139559 0.3285454012344247
vn -0.512750087581671 -0.328544105299069 0.7931873161859204
vn -0.512750087581671 -0.7931873161859203 0.32854410529906886
vn -0.5127500746476437 -0.8511914082608244 0.11207384820639718
vn -0.5127474860082263 -0.8511921080836279 0.11208037619669758
vn -0.5127478558592387 -0.851192722058872 -0.1120740211902894
vn -0.5127504444096374 -0.8511903563446227 -0.1120801455371732
vn -0.5127500137068978 -0.7931868691193401 -0.32854529992108417
vn -0.5127494965447462 -0.793187642305461 -0.3285442403802162
vn -0.5127484759989105 -0.6811246460817945 -0.5226454026017496
vn -0.512746219714876 -0.681129100845157 -0.5226418105643408
vn -0.5127465420487842 -0.5226461057319334 -0.6811255624187504
vn -0.5127487983493919 -0.522640873052857 -0.6811278790402007
vn -0.5127495704199423 -0.32854540123442527 -0.7931871137139556
vn -0.5127500875816712 -0.328544105299069 -0.7931873161859202
vn -0.5127500746476438 -0.11207384820639703 -0.8511914082608244
vn -0.5127474860082265 -0.11208037619669756 -0.8511921080836279
vn -0.5127474860082265 0.11208037619669756 -0.8511921080836279
vn -0.5127500746476438 0.11207384820639701 -0.8511914082608244
vn -0.5127500875816712 0.328544105299069 -0.7931873161859202
vn -0.5127495704199424 0.3285454012344252 -0.7931871137139553
vn -0.5127487983493918 0.5226408730528569 -0.6811278790402007
vn -0.512746542048784 0.5226461057319339 -0.6811255624187501
vn -0.5127462197148758 0.6811291008451571 -0.5226418105643409
vn -0.5127484759989104 0.681124646081794 -0.5226454026017502
vn -0.5127495704199423 0.7931871137139559 -0.3285454012344246
vn -0.512750087581671 0.7931873161859203 -0.32854410529906874
vn -0.5127504444096374 0.8511903563446227 -0.1120801455371732
vn -0.5127478558592385 0.851192722058872 -0.11207402119028939
vn -0.5127478558592387 0.851192722058872 0.11207402119028954
vn -0.5127504444096374 0.8511903563446227 0.11208014553717334
vn -0.512750087581671 0.7931873161859203 0.32854410529906897
vn -0.5127495704199423 0.7931871137139558 0.3285454012344247
vn -0.5127484759989102 0.6811246460817941 0.5226454026017504
vn -0.5127462197148754 0.681129100845157 0.5226418105643411
vn -0.5127465420487838 0.5226461057319338 0.6811255624187504
vn -0.5127487983493916 0.5226408730528569 0.6811278790402008
vn -0.512749570419942 0.3285454012344252 0.7931871137139556
vn -0.512750087581671 0.328544105299069 0.7931873161859204
vn -0.5127500746476436 0.11207384820639703 0.8511914082608246
vn -0.5127474860082263 0.11208037619669756 0.8511921080836281
vn -0.5127474860082263 -0.11208037619669756 0.8511921080836281
vn -0.5127500746476436 -0.11207384820639701 0.8511914082608246
vn -1 0 1.2246467991473532e-16
vn -1 0 1.2246467991473532e-16
vn -1 0 1.2246467991473532e-16
vn -1 0 1.2246467991473532e-16
vn -1 0 1.2246467991473532e-16
vn -1 0 1.2246467991473532e-16
vn -1 0 1.2246467991473532e-16
vn -1 0 1.2246467991473532e-16
vn -1 0 1.2246467991473532e-16
vn -1 0 1.2246467991473532e-16
vn -1 0 1.2246467991473532e-16
vn -1 0 1.2246467991473532e-16
vn -1 0 1.2246467991473532e-16
vn -1 0 1.2246467991473532e-16
vn -1 0 1.2246467991473532e-16
vn -1 0 1.2246467991473532e-16
vn -1 0 1.2246467991473532e-16
vn -1 0 1.2246467991473532e-16
vn -1 0 1.2246467991473532e-16
vn -1 0 1.2246467991473532e-16
vn -1 0 1.2246467991473532e-16
vn -1 0 1.2246467991473532e-16
vn -1 0 1.2246467991473532e-16
vn -1 0 1.2246467991473532e-16
vn -1 0 1.2246467991473532e-16
vn -1 0 1.2246467991473532e-16
vn -1 0 1.2246467991473532e-16
vn -1 0 1.2246467991473532e-16
vn -1 0 1.2246467991473532e-16
vn -1 0 1.2246467991473532e-16
vn -1 0 1.2246467991473532e-16
vn -1 0 1.2246467991473532e-16
vn -1 0 1.2246467991473532e-16
vn -1 0 1.2246467991473532e-16
vn -1 0 1.2246467991473532e-16
vn -1 0 1.2246467991473532e-16
vn -1 0 1.2246467991473532e-16
vn -1 0 1.2246467991473532e-16
vn -1 0 1.2246467991473532e-16
vn -1 0 1.2246467991473532e-16
vn -1 0 1.2246467991473532e-16
vn -1 0 1.2246467991473532e-16
vn -1 0 1.2246467991473532e-16
vn -1 0 1.2246467991473532e-16
vn -1 0 1.2246467991473532e-16
vn -1 0 1.2246467991473532e-16
vn -1 0 1.2246467991473532e-16
vn -1 0 1.2246467991473532e-16
vn -0.40743987004877263 -0.7245203678692108 0.5559343386024134
vn -0.4074343269874782 -0.7245167446171431 0.5559431229556115
vn -0.4074357837204939 0.8437163825681471 0.3494835445771195
vn -0.40743951331267664 0.8437172076470141 0.3494772045668428
vn -0.4074338775414926 -0.7245224889469597 -0.5559359661342366
vn -0.4074394206185822 -0.724514941714985 -0.5559417395354715
vn -0.40743987004877286 0.7245203678692111 0.5559343386024129
vn -0.4074343269874781 0.7245167446171432 0.5559431229556114
vn -1.131427015783924e-16 -0.3826816512484569 -0.923880270271941
vn -1.131427015783924e-16 -0.3826816512484569 -0.923880270271941
vn 1.1314270157839242e-16 0.3826816512484568 0.9238802702719411
vn 1.1314270157839242e-16 0.3826816512484568 0.9238802702719411
vn -0.40743981570512944 0.8437147206367765 -0.3494828561731981
vn -0.407436086114399 0.8437186202973073 -0.3494777897025624
vn 1.598524729013742e-17 -0.9914444324988257 0.13052944980762593
vn 1.598524729013742e-17 -0.9914444324988257 0.13052944980762593
vn 1.131427015783924e-16 -0.3826816512484569 0.923880270271941
vn 1.131427015783924e-16 -0.3826816512484569 0.923880270271941
vn -0.4074389479698164 0.905419884377369 0.1191987275574748
vn -0.40743590023962395 0.9054205740345674 0.1192039064411986
vn -0.40743578372049366 0.34948354457711905 0.8437163825681473
vn -0.4074395133126765 0.34947720456684206 0.8437172076470142
vn 9.71576416652639e-17 0.6087627189097392 0.793352350513706
vn 9.71576416652639e-17 0.6087627189097392 0.793352350513706
vn -0.4074359002396235 -0.11920390644119794 0.9054205740345675
vn -0.4074389479698159 -0.11919872755747439 0.9054198843773692
vn -9.715764166526393e-17 -0.6087627189097388 -0.7933523505137062
vn -9.715764166526393e-17 -0.6087627189097388 -0.7933523505137062
vn -7.455193151530512e-17 -0.7933523505137062 -0.6087627189097385
vn -7.455193151530512e-17 -0.7933523505137062 -0.6087627189097385
vn -0.40743987004877286 0.5559343386024133 0.7245203678692107
vn -0.4074343269874781 0.555943122955612 0.7245167446171428
vn -1.598524729013742e-17 -0.9914444324988257 -0.13052944980762593
vn -1.598524729013742e-17 -0.9914444324988257 -0.13052944980762593
vn -1.5985247290137458e-17 0.9914444324988257 -0.13052944980762624
vn -1.5985247290137458e-17 0.9914444324988257 -0.13052944980762624
vn 7.455193151530512e-17 -0.7933523505137062 0.6087627189097385
vn 7.455193151530512e-17 -0.7933523505137062 0.6087627189097385
vn -0.4074395133126765 -0.34947720456684217 0.8437172076470143
vn -0.40743578372049366 -0.3494835445771191 0.8437163825681473
vn -4.6864985929384656e-17 -0.923880270271941 -0.382681651248457
vn -4.6864985929384656e-17 -0.923880270271941 -0.382681651248457
vn -0.40743565312338476 0.9054213417914931 -0.11919891942636571
vn -0.407438700855728 0.9054193352349503 -0.11920374334599401
vn -4.6864985929384724e-17 0.9238802702719408 -0.38268165124845754
vn -4.6864985929384724e-17 0.9238802702719408 -0.38268165124845754
vn -9.71576416652639e-17 0.6087627189097392 -0.793352350513706
vn -9.71576416652639e-17 0.6087627189097392 -0.793352350513706
vn -7.455193151530512e-17 0.7933523505137062 -0.6087627189097385
vn -7.455193151530512e-17 0.7933523505137062 -0.6087627189097385
vn -0.4074343269874783 -0.5559431229556117 0.724516744617143
vn -0.40743987004877275 -0.5559343386024134 0.7245203678692107
vn 1.2141692507921511e-16 -0.13052944980762554 0.9914444324988257
vn 1.2141692507921511e-16 -0.13052944980762554 0.9914444324988257
vn -0.40743387754149235 0.7245224889469599 -0.5559359661342362
vn -0.40743942061858224 0.724514941714985 -0.5559417395354715
vn -0.4074389479698161 0.11919872755747439 -0.9054198843773692
vn -0.4074359002396237 0.11920390644119794 -0.9054205740345675
vn -0.4074398700487731 0.5559343386024133 -0.7245203678692106
vn -0.40743432698747833 0.555943122955612 -0.7245167446171428
vn 9.715764166526393e-17 -0.6087627189097388 0.7933523505137062
vn 9.715764166526393e-17 -0.6087627189097388 0.7933523505137062
vn -0.4074343269874784 -0.5559431229556117 -0.7245167446171429
vn -0.40743987004877286 -0.5559343386024133 -0.7245203678692107
vn -0.4074356531233845 -0.9054213417914933 -0.11919891942636544
vn -0.40743870085572764 -0.9054193352349504 -0.11920374334599368
vn 4.6864985929384724e-17 0.9238802702719408 0.38268165124845754
vn 4.6864985929384724e-17 0.9238802702719408 0.38268165124845754
vn 7.455193151530512e-17 0.7933523505137062 0.6087627189097385
vn 7.455193151530512e-17 0.7933523505137062 0.6087627189097385
vn -0.40743894796981617 -0.9054198843773693 0.11919872755747474
vn -0.4074359002396236 -0.9054205740345675 0.11920390644119842
vn -1.1314270157839242e-16 0.3826816512484568 -0.9238802702719411
vn -1.1314270157839242e-16 0.3826816512484568 -0.9238802702719411
vn 4.6864985929384656e-17 -0.923880270271941 0.382681651248457
vn 4.6864985929384656e-17 -0.923880270271941 0.382681651248457
vn -0.40743951331267675 -0.34947720456684217 -0.8437172076470143
vn -0.40743578372049377 -0.349483544577119 -0.8437163825681471
vn -1 0 1.2246467991473532e-16
vn -1 0 1.2246467991473532e-16
vn -1 0 1.2246467991473532e-16
vn -1 0 1.2246467991473532e-16
vn -1 0 1.2246467991473532e-16
vn -1 0 1.2246467991473532e-16
vn -1 0 1.2246467991473532e-16
vn -1 0 1.2246467991473532e-16
vn -1 0 1.2246467991473532e-16
vn -1 0 1.2246467991473532e-16
vn -1 0 1.2246467991473532e-16
vn -1 0 1.2246467991473532e-16
vn -1 0 1.2246467991473532e-16
vn -1 0 1.2246467991473532e-16
vn -1 0 1.2246467991473532e-16
vn -1 0 1.2246467991473532e-16
vn -1 0 1.2246467991473532e-16
vn -1 0 1.2246467991473532e-16
vn -1 0 1.2246467991473532e-16
vn -1 0 1.2246467991473532e-16
vn -1 0 1.2246467991473532e-16
vn -1 0 1.2246467991473532e-16
vn -1 0 1.2246467991473532e-16
vn -1 0 1.2246467991473532e-16
vn -1 0 1.2246467991473532e-16
vn -1 0 1.2246467991473532e-16
vn -1 0 1.2246467991473532e-16
vn -1 0 1.2246467991473532e-16
vn -1 0 1.2246467991473532e-16
vn -1 0 1.2246467991473532e-16
vn -1 0 1.2246467991473532e-16
vn -1 0 1.2246467991473532e-16
vn -1 0 1.2246467991473532e-16
vn -1 0 1.2246467991473532e-16
vn -1 0 1.2246467991473532e-16
vn -1 0 1.2246467991473532e-16
vn -1 0 1.2246467991473532e-16
vn -1 0 1.2246467991473532e-16
vn -1 0 1.2246467991473532e-16
vn -1 0 1.2246467991473532e-16
vn -1 0 1.2246467991473532e-16
vn -1 0 1.2246467991473532e-16
vn -1 0 1.2246467991473532e-16
vn -1 0 1.2246467991473532e-16
vn -1 0 1.2246467991473532e-16
vn -1 0 1.2246467991473532e-16
vn -1 0 1.2246467991473532e-16
vn -1 0 1.2246467991473532e-16
vn -1.2141692507921511e-16 -0.13052944980762554 -0.9914444324988257
vn -1.2141692507921511e-16 -0.13052944980762554 -0.9914444324988257
vn -0.40743578372049377 0.34948354457711905 -0.8437163825681471
vn -0.40743951331267675 0.34947720456684206 -0.8437172076470142
vn -0.4074359002396237 -0.11920390644119797 -0.9054205740345675
vn -0.4074389479698161 -0.11919872755747443 -0.9054198843773692
vn 1.5985247290137458e-17 0.9914444324988257 0.13052944980762624
vn 1.5985247290137458e-17 0.9914444324988257 0.13052944980762624
vn -0.40743578372049366 -0.8437163825681473 0.3494835445771192
vn -0.40743951331267647 -0.8437172076470143 0.3494772045668424
vn -1.2141692507921511e-16 0.13052944980762554 -0.9914444324988257
vn -1.2141692507921511e-16 0.13052944980762554 -0.9914444324988257
vn 1.2141692507921511e-16 0.13052944980762554 0.9914444324988257
vn 1.2141692507921511e-16 0.13052944980762554 0.9914444324988257
vn -0.4074387008557274 0.11920374334599346 0.9054193352349504
vn -0.40743565312338437 0.11919891942636539 0.9054213417914933
vn -0.4074398157051294 -0.8437147206367768 -0.3494828561731978
vn -0.4074360861143989 -0.8437186202973077 -0.349477789702562
vn 1 0 -1.2246467991473532e-16
vn 1 0 -1.2246467991473532e-16
vn 1 0 -1.2246467991473532e-16
vn 1 0 -1.2246467991473532e-16
vn 1 0 -1.2246467991473532e-16
vn 1 0 -1.2246467991473532e-16
vn 1 0 -1.2246467991473532e-16
vn 1 0 -1.2246467991473532e-16
vn 1 0 -1.2246467991473532e-16
vn 1 0 -1.2246467991473532e-16
vn 1 0 -1.2246467991473532e-16
vn 1 0 -1.2246467991473532e-16
vn 1 0 -1.2246467991473532e-16
vn 1 0 -1.2246467991473532e-16
vn 1 0 -1.2246467991473532e-16
vn 1 0 -1.2246467991473532e-16
vn 1 0 -1.2246467991473532e-16
vn 1 0 -1.2246467991473532e-16
vn 1 0 -1.2246467991473532e-16
vn 1 0 -1.2246467991473532e-16
vn 1 0 -1.2246467991473532e-16
vn 1 0 -1.2246467991473532e-16
vn 0.4074389479698161 0.11919872755747439 0.9054198843773692
vn 0.4074359002396237 0.11920390644119794 0.9054205740345675
vn 0.4074360861143989 -0.8437186202973077 0.349477789702562
vn 0.4074398157051294 -0.8437147206367768 0.3494828561731978
vn 0.4074394206185822 -0.724514941714985 0.5559417395354715
vn 0.4074338775414926 -0.7245224889469597 0.5559359661342366
vn 0.4074359002396237 -0.11920390644119797 0.9054205740345675
vn 0.4074389479698161 -0.11919872755747443 0.9054198843773692
vn 0.4074359002396236 -0.9054205740345675 -0.11920390644119842
vn 0.40743894796981617 -0.9054198843773693 -0.11919872755747474
vn 0.40743951331267647 -0.8437172076470143 -0.3494772045668424
vn 0.40743578372049366 -0.8437163825681473 -0.3494835445771192
vn 0.40743870085572764 -0.9054193352349504 0.11920374334599368
vn 0.4074356531233845 -0.9054213417914933 0.11919891942636544
vn 0.40743951331267675 -0.34947720456684217 0.8437172076470143
vn 0.40743578372049377 -0.349483544577119 0.8437163825681471
vn 0.4074343269874784 -0.5559431229556117 0.7245167446171429
vn 0.40743987004877286 -0.5559343386024133 0.7245203678692107
vn 0.4074343269874782 -0.7245167446171431 -0.5559431229556115
vn 0.40743987004877263 -0.7245203678692108 -0.5559343386024134
vn 0.40743987004877286 0.5559343386024133 -0.7245203678692107
vn 0.4074343269874781 0.555943122955612 -0.7245167446171428
vn 0.4074343269874783 -0.5559431229556117 -0.724516744617143
vn 0.40743987004877275 -0.5559343386024134 -0.7245203678692107
vn 0.407436086114399 0.8437186202973073 0.3494777897025624
vn 0.40743981570512944 0.8437147206367765 0.3494828561731981
vn 0.4074398700487731 0.5559343386024133 0.7245203678692106
vn 0.40743432698747833 0.555943122955612 0.7245167446171428
vn 0.407438700855728 0.9054193352349503 0.11920374334599401
vn 0.40743565312338476 0.9054213417914931 0.11919891942636571
vn 0.40743578372049377 0.34948354457711905 0.8437163825681471
vn 0.40743951331267675 0.34947720456684206 0.8437172076470142
vn 0.4074359002396235 -0.11920390644119794 -0.9054205740345675
vn 0.4074389479698159 -0.11919872755747439 -0.9054198843773692
vn 0.40743578372049366 0.34948354457711905 -0.8437163825681473
vn 0.4074395133126765 0.34947720456684206 -0.8437172076470142
vn 0.4074343269874781 0.7245167446171432 -0.5559431229556114
vn 0.40743987004877286 0.7245203678692111 -0.5559343386024129
vn 0.40743590023962395 0.9054205740345674 -0.1192039064411986
vn 0.4074389479698164 0.905419884377369 -0.1191987275574748
vn 0.4074395133126765 -0.34947720456684217 -0.8437172076470143
vn 0.40743578372049366 -0.3494835445771191 -0.8437163825681473
vn 0.40743951331267664 0.8437172076470141 -0.3494772045668428
vn 0.4074357837204939 0.8437163825681471 -0.3494835445771195
vn 0.4074387008557274 0.11920374334599346 -0.9054193352349504
vn 0.40743565312338437 0.11919891942636539 -0.9054213417914933
vn 0.40743942061858224 0.724514941714985 0.5559417395354715
vn 0.40743387754149235 0.7245224889469599 0.5559359661342362
usemtl none
f 397/1993/665 398/1994/665 399/1995/665
f 398/1996/666 397/1997/666 400/1998/666
f 398/1999/667 400/2000/667 401/2001/667
f 401/2002/668 400/2003/668 402/2004/668
f 401/2005/669 402/2006/669 403/2007/669
f 403/2008/670 402/2009/670 404/2010/670
f 403/2011/671 404/2012/671 405/2013/671
f 405/2014/672 404/2015/672 406/2016/672
f 405/2017/673 406/2018/673 407/2019/673
f 407/2020/674 406/2021/674 408/2022/674
f 407/2023/675 408/2024/675 409/2025/675
f 409/2026/676 408/2027/676 410/2028/676
f 409/2029/677 410/2030/677 411/2031/677
f 411/2032/678 410/2033/678 412/2034/678
f 411/2035/679 412/2036/679 413/2037/679
f 413/2038/680 412/2039/680 414/2040/680
f 413/2041/681 414/2042/681 415/2043/681
f 415/2044/682 414/2045/682 416/2046/682
f 415/2047/683 416/2048/683 417/2049/683
f 417/2050/684 416/2051/684 418/2052/684
f 417/2053/685 418/2054/685 419/2055/685
f 419/2056/686 418/2057/686 420/2058/686
f 421/2059/687 414/2060/687 422/2061/687
f 414/2062/688 423/2063/688 422/2064/688
f 414/2065/689 421/2066/689 416/2067/689
f 423/2068/690 414/2069/690 412/2070/690
f 424/2071/691 416/2072/691 421/2073/691
f 412/2074/692 425/2075/692 423/2076/692
f 416/2077/693 424/2078/693 418/2079/693
f 425/2080/694 412/2081/694 410/2082/694
f 410/2083/695 426/2084/695 425/2085/695
f 426/2086/696 410/2087/696 408/2088/696
f 408/2089/697 427/2090/697 426/2091/697
f 427/2092/698 408/2093/698 406/2094/698
f 406/2095/699 428/2096/699 427/2097/699
f 428/2098/700 406/2099/700 404/2100/700
f 404/2101/701 429/2102/701 428/2103/701
f 429/2104/702 404/2105/702 402/2106/702
f 402/2107/703 430/2108/703 429/2109/703
f 430/2110/704 402/2111/704 400/2112/704
f 400/2113/705 431/2114/705 430/2115/705
f 431/2116/706 400/2117/706 397/2118/706
f 397/2119/707 432/2120/707 431/2121/707
f 432/2122/708 397/2123/708 399/2124/708
f 398/2125/709 432/2126/709 399/2127/709
f 432/2128/710 398/2129/710 433/2130/710
f 401/2131/711 433/2132/711 398/2133/711
f 433/2134/712 401/2135/712 434/2136/712
f 403/2137/713 434/2138/713 401/2139/713
f 434/2140/714 403/2141/714 435/2142/714
f 405/2143/715 435/2144/715 403/2145/715
f 435/2146/716 405/2147/716 436/2148/716
f 405/2149/717 437/2150/717 436/2151/717
f 437/2152/718 405/2153/718 407/2154/718
f 409/2155/719 437/2156/719 407/2157/719
f 437/2158/720 409/2159/720 438/2160/720
f 409/2161/721 439/2162/721 438/2163/721
f 439/2164/722 409/2165/722 411/2166/722
f 413/2167/723 439/2168/723 411/2169/723
f 439/2170/724 413/2171/724 440/2172/724
f 413/2173/725 441/2174/725 440/2175/725
f 441/2176/726 413/2177/726 415/2178/726
f 415/2179/727 442/2180/727 441/2181/727
f 442/2182/728 415/2183/728 417/2184/728
f 417/2185/729 443/2186/729 442/2187/729
f 443/2188/730 417/2189/730 419/2190/730
f 419/2191/731 444/2192/731 443/2193/731
f 444/2194/732 419/2195/732 420/2196/732
f 418/2197/733 444/2198/733 420/2199/733
f 444/2200/734 418/2201/734 424/2202/734
f 445/2203/735 446/2204/735 447/2205/735
f 446/2206/736 445/2207/736 448/2208/736
f 446/2209/737 448/2210/737 449/2211/737
f 449/2212/738 448/2213/738 450/2214/738
f 449/2215/739 450/2216/739 451/2217/739
f 451/2218/740 450/2219/740 452/2220/740
f 450/2221/741 453/2222/741 452/2223/741
f 451/2224/742 452/2225/742 454/2226/742
f 453/2227/743 450/2228/743 455/2229/743
f 453/2230/744 455/2231/744 456/2232/744
f 456/2233/745 455/2234/745 457/2235/745
f 451/2236/746 454/2237/746 458/2238/746
f 458/2239/747 454/2240/747 459/2241/747
f 458/2242/748 459/2243/748 435/2244/748
f 457/2245/749 455/2246/749 460/2247/749
f 457/2248/750 460/2249/750 428/2250/750
f 428/2251/751 460/2252/751 461/2253/751
f 461/2254/752 460/2255/752 462/2256/752
f 461/2257/753 462/2258/753 463/2259/753
f 458/2260/754 435/2261/754 464/2262/754
f 464/2263/755 435/2264/755 465/2265/755
f 464/2266/756 465/2267/756 437/2268/756
f 463/2269/757 462/2270/757 466/2271/757
f 463/2272/758 466/2273/758 467/2274/758
f 467/2275/759 466/2276/759 423/2277/759
f 464/2278/760 437/2279/760 468/2280/760
f 468/2281/761 437/2282/761 469/2283/761
f 468/2284/762 469/2285/762 439/2286/762
f 468/2287/763 439/2288/763 470/2289/763
f 470/2290/764 439/2291/764 471/2292/764
f 423/2293/765 466/2294/765 472/2295/765
f 423/2296/766 472/2297/766 473/2298/766
f 473/2299/767 472/2300/767 474/2301/767
f 470/2302/768 471/2303/768 475/2304/768
f 475/2305/769 471/2306/769 441/2307/769
f 475/2308/770 441/2309/770 476/2310/770
f 474/2311/771 472/2312/771 477/2313/771
f 475/2314/772 476/2315/772 478/2316/772
f 474/2317/773 477/2318/773 479/2319/773
f 478/2320/774 476/2321/774 480/2322/774
f 479/2323/775 477/2324/775 481/2325/775
f 478/2326/776 480/2327/776 481/2328/776
f 478/2329/777 481/2330/777 477/2331/777
f 478/2332/778 477/2333/778 482/2334/778
f 478/2335/779 482/2336/779 483/2337/779
f 483/2338/780 482/2339/780 484/2340/780
f 483/2341/781 484/2342/781 485/2343/781
f 485/2344/782 484/2345/782 486/2346/782
f 487/2347/783 488/2348/783 489/2349/783
f 488/2350/784 487/2351/784 490/2352/784
f 491/2353/785 492/2354/785 493/2355/785
f 492/2356/786 491/2357/786 494/2358/786
f 495/2359/787 496/2360/787 497/2361/787
f 496/2362/788 495/2363/788 498/2364/788
f 499/2365/789 494/2366/789 491/2367/789
f 494/2368/790 499/2369/790 500/2370/790
f 501/2371/791 502/2372/791 503/2373/791
f 502/2374/792 501/2375/792 504/2376/792
f 505/2377/793 506/2378/793 507/2379/793
f 506/2380/794 505/2381/794 508/2382/794
f 509/2383/795 510/2384/795 511/2385/795
f 510/2386/796 509/2387/796 512/2388/796
f 513/2389/797 514/2390/797 515/2391/797
f 514/2392/798 513/2393/798 516/2394/798
f 517/2395/799 518/2396/799 519/2397/799
f 518/2398/800 517/2399/800 520/2400/800
f 493/2401/801 521/2402/801 522/2403/801
f 521/2404/802 493/2405/802 492/2406/802
f 506/2407/803 523/2408/803 524/2409/803
f 523/2410/804 506/2411/804 508/2412/804
f 525/2413/805 508/2414/805 505/2415/805
f 508/2416/806 525/2417/806 500/2418/806
f 526/2419/807 527/2420/807 520/2421/807
f 527/2422/808 526/2423/808 528/2424/808
f 503/2425/809 529/2426/809 495/2427/809
f 529/2428/810 503/2429/810 502/2430/810
f 529/2431/811 498/2432/811 495/2433/811
f 498/2434/812 529/2435/812 530/2436/812
f 508/2437/813 499/2438/813 523/2439/813
f 499/2440/814 508/2441/814 500/2442/814
f 531/2443/815 515/2444/815 532/2445/815
f 515/2446/816 531/2447/816 513/2448/816
f 521/2449/817 533/2450/817 512/2451/817
f 533/2452/818 521/2453/818 534/2454/818
f 535/2455/819 490/2456/819 487/2457/819
f 490/2458/820 535/2459/820 536/2460/820
f 520/2461/821 537/2462/821 518/2463/821
f 537/2464/822 520/2465/822 527/2466/822
f 530/2467/823 532/2468/823 498/2469/823
f 532/2470/824 530/2471/824 531/2472/824
f 522/2473/825 512/2474/825 509/2475/825
f 512/2476/826 522/2477/826 521/2478/826
f 512/2479/827 538/2480/827 510/2481/827
f 538/2482/828 512/2483/828 533/2484/828
f 539/2485/829 540/2486/829 541/2487/829
f 540/2488/830 539/2489/830 542/2490/830
f 510/2491/831 542/2492/831 539/2493/831
f 542/2494/832 510/2495/832 538/2496/832
f 518/2497/833 488/2498/833 490/2499/833
f 488/2500/834 518/2501/834 537/2502/834
f 543/2503/835 520/2504/835 517/2505/835
f 520/2506/836 543/2507/836 526/2508/836
f 511/2509/837 539/2510/837 544/2511/837
f 539/2512/838 511/2513/838 510/2514/838
f 545/2515/839 546/2516/839 547/2517/839
f 546/2518/840 545/2519/840 548/2520/840
f 544/2521/841 541/2522/841 549/2523/841
f 541/2524/842 544/2525/842 539/2526/842
f 519/2527/843 490/2528/843 536/2529/843
f 490/2530/844 519/2531/844 518/2532/844
f 497/2533/845 503/2534/845 495/2535/845
f 503/2536/846 497/2537/846 550/2538/846
f 532/2539/847 551/2540/847 552/2541/847
f 551/2542/848 532/2543/848 515/2544/848
f 494/2545/849 553/2546/849 492/2547/849
f 553/2548/850 494/2549/850 554/2550/850
f 500/2551/851 554/2552/851 494/2553/851
f 554/2554/852 500/2555/852 525/2556/852
f 515/2557/853 555/2558/853 551/2559/853
f 555/2560/854 515/2561/854 514/2562/854
f 541/2563/855 556/2564/855 548/2565/855
f 556/2566/856 541/2567/856 540/2568/856
f 516/2569/857 487/2570/857 514/2571/857
f 487/2572/858 516/2573/858 535/2574/858
f 550/2575/859 501/2576/859 503/2577/859
f 501/2578/860 550/2579/860 557/2580/860
f 524/2581/861 527/2582/861 528/2583/861
f 527/2584/862 524/2585/862 523/2586/862
f 527/2587/863 523/2588/863 537/2589/863
f 537/2590/864 523/2591/864 499/2592/864
f 537/2593/865 499/2594/865 558/2595/865
f 558/2596/866 488/2597/866 537/2598/866
f 558/2599/867 499/2600/867 559/2601/867
f 488/2602/868 558/2603/868 560/2604/868
f 559/2605/869 499/2606/869 491/2607/869
f 488/2608/870 560/2609/870 489/2610/870
f 559/2611/871 491/2612/871 561/2613/871
f 561/2614/872 491/2615/872 450/2616/872
f 450/2617/873 491/2618/873 455/2619/873
f 455/2620/874 491/2621/874 493/2622/874
f 455/2623/875 493/2624/875 562/2625/875
f 562/2626/876 493/2627/876 522/2628/876
f 562/2629/877 522/2630/877 563/2631/877
f 489/2632/878 560/2633/878 449/2634/878
f 489/2635/879 449/2636/879 451/2637/879
f 489/2638/880 451/2639/880 458/2640/880
f 489/2641/881 458/2642/881 555/2643/881
f 555/2644/882 458/2645/882 464/2646/882
f 563/2647/883 522/2648/883 509/2649/883
f 563/2650/884 509/2651/884 564/2652/884
f 564/2653/885 509/2654/885 472/2655/885
f 472/2656/886 509/2657/886 511/2658/886
f 472/2659/887 511/2660/887 477/2661/887
f 555/2662/888 464/2663/888 551/2664/888
f 551/2665/889 464/2666/889 565/2667/889
f 551/2668/890 565/2669/890 470/2670/890
f 551/2671/891 470/2672/891 552/2673/891
f 552/2674/892 470/2675/892 475/2676/892
f 552/2677/893 475/2678/893 496/2679/893
f 496/2680/894 475/2681/894 478/2682/894
f 477/2683/895 511/2684/895 544/2685/895
f 496/2686/896 478/2687/896 497/2688/896
f 477/2689/897 544/2690/897 566/2691/897
f 566/2692/898 544/2693/898 567/2694/898
f 497/2695/899 478/2696/899 483/2697/899
f 497/2698/900 483/2699/900 568/2700/900
f 567/2701/901 544/2702/901 569/2703/901
f 497/2704/902 568/2705/902 569/2706/902
f 569/2707/903 544/2708/903 549/2709/903
f 497/2710/904 569/2711/904 550/2712/904
f 550/2713/905 569/2714/905 549/2715/905
f 550/2716/906 549/2717/906 545/2718/906
f 550/2719/907 545/2720/907 557/2721/907
f 557/2722/908 545/2723/908 547/2724/908
f 546/2725/909 504/2726/909 501/2727/909
f 504/2728/910 546/2729/910 570/2730/910
f 549/2731/911 548/2732/911 545/2733/911
f 548/2734/912 549/2735/912 541/2736/912
f 557/2737/913 546/2738/913 501/2739/913
f 546/2740/914 557/2741/914 547/2742/914
f 492/2743/915 534/2744/915 521/2745/915
f 534/2746/916 492/2747/916 553/2748/916
f 514/2749/917 489/2750/917 555/2751/917
f 489/2752/918 514/2753/918 487/2754/918
f 548/2755/919 570/2756/919 546/2757/919
f 570/2758/920 548/2759/920 556/2760/920
f 507/2761/921 526/2762/921 543/2763/921
f 526/2764/922 507/2765/922 506/2766/922
f 506/2767/923 528/2768/923 526/2769/923
f 528/2770/924 506/2771/924 524/2772/924
f 498/2773/925 552/2774/925 496/2775/925
f 552/2776/926 498/2777/926 532/2778/926
f 571/2779/927 572/2780/927 573/2781/927
f 572/2782/928 571/2783/928 574/2784/928
f 574/2785/929 571/2786/929 575/2787/929
f 574/2788/930 575/2789/930 576/2790/930
f 574/2791/931 576/2792/931 577/2793/931
f 577/2794/932 576/2795/932 578/2796/932
f 577/2797/933 578/2798/933 579/2799/933
f 579/2800/934 578/2801/934 580/2802/934
f 579/2803/935 580/2804/935 581/2805/935
f 581/2806/936 580/2807/936 582/2808/936
f 581/2809/937 582/2810/937 583/2811/937
f 583/2812/938 582/2813/938 584/2814/938
f 583/2815/939 584/2816/939 585/2817/939
f 585/2818/940 584/2819/940 586/2820/940
f 585/2821/941 586/2822/941 587/2823/941
f 587/2824/942 586/2825/942 588/2826/942
f 587/2827/943 588/2828/943 589/2829/943
f 589/2830/944 588/2831/944 590/2832/944
f 589/2833/945 590/2834/945 591/2835/945
f 591/2836/946 590/2837/946 592/2838/946
f 591/2839/947 592/2840/947 593/2841/947
f 593/2842/948 592/2843/948 594/2844/948
f 572/2845/949 543/2846/949 573/2847/949
f 543/2848/950 572/2849/950 507/2850/950
f 580/2851/951 535/2852/951 516/2853/951
f 535/2854/952 580/2855/952 578/2856/952
f 578/2857/953 536/2858/953 535/2859/953
f 536/2860/954 578/2861/954 576/2862/954
f 571/2863/955 543/2864/955 517/2865/955
f 543/2866/956 571/2867/956 573/2868/956
f 584/2869/957 513/2870/957 531/2871/957
f 513/2872/958 584/2873/958 582/2874/958
f 586/2875/959 531/2876/959 530/2877/959
f 531/2878/960 586/2879/960 584/2880/960
f 582/2881/961 516/2882/961 513/2883/961
f 516/2884/962 582/2885/962 580/2886/962
f 575/2887/963 517/2888/963 519/2889/963
f 517/2890/964 575/2891/964 571/2892/964
f 576/2893/965 519/2894/965 536/2895/965
f 519/2896/966 576/2897/966 575/2898/966
f 588/2899/967 530/2900/967 529/2901/967
f 530/2902/968 588/2903/968 586/2904/968
f 540/2905/969 589/2906/969 591/2907/969
f 589/2908/970 540/2909/970 542/2910/970
f 502/2911/971 588/2912/971 529/2913/971
f 588/2914/972 502/2915/972 590/2916/972
f 554/2917/973 581/2918/973 553/2919/973
f 581/2920/974 554/2921/974 579/2922/974
f 577/2923/975 505/2924/975 574/2925/975
f 505/2926/976 577/2927/976 525/2928/976
f 553/2929/977 583/2930/977 534/2931/977
f 583/2932/978 553/2933/978 581/2934/978
f 574/2935/979 507/2936/979 572/2937/979
f 507/2938/980 574/2939/980 505/2940/980
f 570/2941/981 592/2942/981 504/2943/981
f 592/2944/982 570/2945/982 594/2946/982
f 556/2947/983 591/2948/983 593/2949/983
f 591/2950/984 556/2951/984 540/2952/984
f 538/2953/985 589/2954/985 542/2955/985
f 589/2956/986 538/2957/986 587/2958/986
f 534/2959/987 585/2960/987 533/2961/987
f 585/2962/988 534/2963/988 583/2964/988
f 504/2965/989 590/2966/989 502/2967/989
f 590/2968/990 504/2969/990 592/2970/990
f 533/2971/991 587/2972/991 538/2973/991
f 587/2974/992 533/2975/992 585/2976/992
f 556/2977/993 594/2978/993 570/2979/993
f 594/2980/994 556/2981/994 593/2982/994
f 525/2983/995 579/2984/995 554/2985/995
f 579/2986/996 525/2987/996 577/2988/996
o wheel-default
v 0.9 0.33588625 1.274779375
v 0.9 0.28911375 1.274779375
v 0.9 0.3125 1.27785875
v 0.9 0.357679375 1.2657525
v 0.9 0.267320625 1.2657525
v 0.9 0.376393125 1.251393125
v 0.9 0.248606875 1.251393125
v 0.9 0.3907525 1.232679375
v 0.9 0.2342475 1.232679375
v 0.9 0.399779375 1.21088625
v 0.9 0.225220625 1.21088625
v 0.9 0.40285875 1.1875
v 0.9 0.22214125 1.1875
v 0.9 0.399779375 1.16411375
v 0.9 0.225220625 1.16411375
v 0.9 0.3907525 1.142320625
v 0.9 0.2342475 1.142320625
v 0.9 0.376393125 1.1236068750000001
v 0.9 0.248606875 1.1236068750000001
v 0.9 0.357679375 1.1092475
v 0.9 0.267320625 1.1092475
v 0.9 0.33588625 1.100220625
v 0.9 0.28911375 1.100220625
v 0.9 0.3125 1.09714125
v 0.95 0.37273875 1.083163125
v 0.95 0.397690625 1.102309375
v 0.95 0.416836875 1.12726125
v 0.9500000000000001 0.343681875 1.0711275
v 0.95 0.4288725 1.156318125
v 0.95 0.432978125 1.1875
v 0.95 0.4288725 1.2186818750000001
v 0.95 0.416836875 1.2477387500000001
v 0.95 0.397690625 1.272690625
v 0.95 0.37273875 1.291836875
v 0.95 0.343681875 1.3038725
v 0.95 0.3125 1.307978125
v 0.95 0.281318125 1.3038725
v 0.95 0.25226125 1.291836875
v 0.95 0.227309375 1.272690625
v 0.95 0.208163125 1.2477387500000001
v 0.95 0.1961275 1.2186818750000001
v 0.95 0.192021875 1.1875
v 0.95 0.1961275 1.156318125
v 0.95 0.208163125 1.12726125
v 0.95 0.227309375 1.102309375
v 0.95 0.25226125 1.083163125
v 0.9500000000000001 0.281318125 1.0711275
v 0.9500000000000001 0.3125 1.067021875
v 0.95 0.35944125 1.362688125
v 0.95 0.26555875 1.362688125
v 0.95 0.3125 1.368868125
v 0.95 0.403184375 1.344569375
v 0.95 0.221815625 1.344569375
v 0.95 0.440746875 1.315746875
v 0.95 0.184253125 1.315746875
v 0.95 0.3125 1.307978125
v 0.95 0.343681875 1.3038725
v 0.95 0.281318125 1.3038725
v 0.95 0.469569375 1.278184375
v 0.95 0.37273875 1.291836875
v 0.95 0.397690625 1.272690625
v 0.95 0.155430625 1.278184375
v 0.95 0.25226125 1.291836875
v 0.95 0.487688125 1.23444125
v 0.95 0.4288725 1.2186818750000001
v 0.95 0.493868125 1.1875
v 0.95 0.432978125 1.1875
v 0.95 0.137311875 1.23444125
v 0.95 0.208163125 1.2477387500000001
v 0.95 0.487688125 1.14055875
v 0.95 0.4288725 1.156318125
v 0.95 0.131131875 1.1875
v 0.95 0.192021875 1.1875
v 0.95 0.137311875 1.14055875
v 0.95 0.208163125 1.12726125
v 0.95 0.469569375 1.096815625
v 0.95 0.397690625 1.102309375
v 0.95 0.37273875 1.083163125
v 0.95 0.155430625 1.096815625
v 0.95 0.25226125 1.083163125
v 0.9500000000000001 0.440746875 1.0592531250000001
v 0.9500000000000001 0.184253125 1.0592531250000001
v 0.9500000000000001 0.343681875 1.0711275
v 0.9500000000000001 0.281318125 1.0711275
v 0.9500000000000001 0.3125 1.067021875
v 0.9500000000000001 0.403184375 1.030430625
v 0.9500000000000001 0.221815625 1.030430625
v 0.9500000000000001 0.35944125 1.012311875
v 0.9500000000000001 0.26555875 1.012311875
v 0.9500000000000001 0.3125 1.0061318750000001
v 0.85 0.0526925 1.3375
v 0.95 0.1321875 1.3678125
v 0.95 0.09166375 1.315
v 0.85 0.100368125 1.399631875
v 0.95 0.53333625 1.315
v 0.85 0.6022775 1.265145625
v 0.95 0.55881125 1.25349875
v 0.85 0.5723075 1.3375
v 0.8500000000000001 0.100368125 0.975368125
v 0.9500000000000001 0.09166375 1.06
v 0.9500000000000001 0.1321875 1.0071875000000001
v 0.85 0.0526925 1.0375
v 0.95 0.4928125 1.3678125
v 0.85 0.524631875 1.399631875
v 0.8500000000000001 0.234854375 0.8977225
v 0.65 0.1625 0.9276925
v 0.8500000000000001 0.1625 0.9276925
v 0.65 0.234854375 0.8977225
v 0.6499999999999999 0.4625 1.4473075
v 0.85 0.390145625 1.4772775
v 0.6499999999999999 0.390145625 1.4772775
v 0.85 0.4625 1.4473075
v 0.95 0.55881125 1.1215012500000001
v 0.85 0.5723075 1.0375
v 0.9500000000000001 0.53333625 1.06
v 0.85 0.6022775 1.109854375
v 0.65 0.0125 1.1875
v 0.85 0.0227225 1.265145625
v 0.85 0.0125 1.1875
v 0.65 0.0227225 1.265145625
v 0.6499999999999999 0.234854375 1.4772775
v 0.85 0.1625 1.4473075
v 0.6499999999999999 0.1625 1.4473075
v 0.85 0.234854375 1.4772775
v 0.85 0.6125 1.1875
v 0.95 0.5675 1.1875
v 0.95 0.44 1.40833625
v 0.95 0.37849875 1.43381125
v 0.6499999999999999 0.524631875 1.399631875
v 0.85 0.3125 1.4875
v 0.95 0.24650125 1.43381125
v 0.95 0.3125 1.4425
v 0.65 0.100368125 0.975368125
v 0.65 0.0526925 1.0375
v 0.65 0.0227225 1.109854375
v 0.85 0.0227225 1.109854375
v 0.65 0.6022775 1.109854375
v 0.65 0.6125 1.1875
v 0.65 0.0526925 1.3375
v 0.6499999999999999 0.100368125 1.399631875
v 0.95 0.185 1.40833625
v 0.65 0.5723075 1.0375
v 0.8500000000000001 0.524631875 0.975368125
v 0.65 0.4625 0.9276925
v 0.8500000000000001 0.4625 0.9276925
v 0.65 0.524631875 0.975368125
v 0.6499999999999999 0.3125 1.4875
v 0.9500000000000001 0.4928125 1.0071875000000001
v 0.9500000000000001 0.37849875 0.94118875
v 0.8500000000000001 0.3125 0.8875
v 0.9500000000000001 0.3125 0.9325
v 0.8500000000000001 0.390145625 0.8977225
v 0.9500000000000001 0.44 0.96666375
v 0.9500000000000001 0.185 0.96666375
v 0.95 0.0575 1.1875
v 0.95 0.06618875 1.1215012500000001
v 0.65 0.6022775 1.265145625
v 0.65 0.5723075 1.3375
v 0.95 0.06618875 1.25349875
v 0.65 0.390145625 0.8977225
v 0.9500000000000001 0.24650125 0.94118875
v 0.95 0.3125 1.368868125
v 0.95 0.35944125 1.362688125
v 0.95 0.26555875 1.362688125
v 0.95 0.403184375 1.344569375
v 0.95 0.487688125 1.23444125
v 0.95 0.493868125 1.1875
v 0.95 0.487688125 1.14055875
v 0.95 0.131131875 1.1875
v 0.9500000000000001 0.403184375 1.030430625
v 0.9500000000000001 0.35944125 1.012311875
v 0.9500000000000001 0.26555875 1.012311875
v 0.9500000000000001 0.3125 1.0061318750000001
v 0.65 0.3125 0.8875
v 0.5499999999999999 0.24650125 1.43381125
v 0.5499999999999999 0.37849875 1.43381125
v 0.5499999999999999 0.3125 1.4425
v 0.5499999999999999 0.44 1.40833625
v 0.5499999999999999 0.185 1.40833625
v 0.5499999999999999 0.1321875 1.3678124999999999
v 0.5499999999999999 0.4928125 1.3678124999999999
v 0.5499999999999999 0.09166375 1.315
v 0.5499999999999999 0.53333625 1.315
v 0.55 0.06618875 1.2534987499999999
v 0.55 0.55881125 1.2534987499999999
v 0.55 0.0575 1.1875
v 0.55 0.5675 1.1875
v 0.55 0.06618875 1.12150125
v 0.55 0.55881125 1.12150125
v 0.55 0.09166375 1.06
v 0.55 0.53333625 1.06
v 0.55 0.1321875 1.0071875
v 0.55 0.4928125 1.0071875
v 0.55 0.185 0.9666637499999999
v 0.55 0.44 0.9666637499999999
v 0.55 0.24650125 0.94118875
v 0.55 0.37849875 0.94118875
v 0.55 0.3125 0.9325
vt 0.09375 0.275
vt 0.09375 0.29059124999999997
vt 0.09375 0.275
vt 0.09375 0.29059124999999997
vt 0.09375 0.275
vt 0.09375 0.30511937499999997
vt 0.09375 0.30511937499999997
vt 0.09375 0.275
vt 0.09375 0.275
vt 0.09375 0.30511937499999997
vt 0.09375 0.275
vt 0.09375 0.31759562500000005
vt 0.09375 0.31759562500000005
vt 0.09375 0.275
vt 0.09375 0.275
vt 0.09375 0.31759562500000005
vt 0.09375 0.275
vt 0.09375 0.32716875
vt 0.09375 0.32716875
vt 0.09375 0.275
vt 0.09375 0.275
vt 0.09375 0.32716875
vt 0.09375 0.275
vt 0.09375 0.33318625
vt 0.09375 0.33318625
vt 0.09375 0.275
vt 0.09375 0.275
vt 0.09375 0.33318625
vt 0.09375 0.275
vt 0.09375 0.33523875000000003
vt 0.09375 0.33523875000000003
vt 0.09375 0.275
vt 0.09375 0.275
vt 0.09375 0.33523875000000003
vt 0.09375 0.275
vt 0.09375 0.33318625
vt 0.09375 0.33318625
vt 0.09375 0.275
vt 0.09375 0.275
vt 0.09375 0.33318625
vt 0.09375 0.275
vt 0.09375 0.32716875
vt 0.09375 0.32716875
vt 0.09375 0.275
vt 0.09375 0.275
vt 0.09375 0.32716875
vt 0.09375 0.275
vt 0.09375 0.31759562500000005
vt 0.09375 0.31759562500000005
vt 0.09375 0.275
vt 0.09375 0.275
vt 0.09375 0.31759562500000005
vt 0.09375 0.275
vt 0.09375 0.30511937499999997
vt 0.09375 0.30511937499999997
vt 0.09375 0.275
vt 0.09375 0.275
vt 0.09375 0.30511937499999997
vt 0.09375 0.275
vt 0.09375 0.29059124999999997
vt 0.09375 0.29059124999999997
vt 0.09375 0.275
vt 0.09375 0.275
vt 0.09375 0.29059124999999997
vt 0.09375 0.275
vt 0.09375 0.275
vt 0.09375 0.31759562500000005
vt 0.09375 0.315159375
vt 0.09375 0.33179375
vt 0.09375 0.34455812500000005
vt 0.09375 0.31759562500000005
vt 0.09375 0.33179375
vt 0.09375 0.315159375
vt 0.09375 0.31759562500000005
vt 0.09375 0.30511937499999997
vt 0.09375 0.31759562500000005
vt 0.09375 0.34455812500000005
vt 0.09375 0.32716875
vt 0.09375 0.30511937499999997
vt 0.09375 0.29578812499999996
vt 0.09375 0.315159375
vt 0.09375 0.35258187500000004
vt 0.09375 0.32716875
vt 0.09375 0.34455812500000005
vt 0.09375 0.29578812499999996
vt 0.09375 0.30511937499999997
vt 0.09375 0.29059124999999997
vt 0.09375 0.32716875
vt 0.09375 0.35258187500000004
vt 0.09375 0.33318625
vt 0.09375 0.35531875
vt 0.09375 0.33318625
vt 0.09375 0.35258187500000004
vt 0.09375 0.33318625
vt 0.09375 0.35531875
vt 0.09375 0.33523875000000003
vt 0.09375 0.35258187500000004
vt 0.09375 0.33523875000000003
vt 0.09375 0.35531875
vt 0.09375 0.33523875000000003
vt 0.09375 0.35258187500000004
vt 0.09375 0.33318625
vt 0.09375 0.34455812500000005
vt 0.09375 0.33318625
vt 0.09375 0.35258187500000004
vt 0.09375 0.33318625
vt 0.09375 0.34455812500000005
vt 0.09375 0.32716875
vt 0.09375 0.33179375
vt 0.09375 0.32716875
vt 0.09375 0.34455812500000005
vt 0.09375 0.32716875
vt 0.09375 0.33179375
vt 0.09375 0.31759562500000005
vt 0.09375 0.315159375
vt 0.09375 0.31759562500000005
vt 0.09375 0.33179375
vt 0.09375 0.31759562500000005
vt 0.09375 0.315159375
vt 0.09375 0.30511937499999997
vt 0.09375 0.29578812499999996
vt 0.09375 0.30511937499999997
vt 0.09375 0.315159375
vt 0.09375 0.30511937499999997
vt 0.09375 0.29578812499999996
vt 0.09375 0.29059124999999997
vt 0.09375 0.275
vt 0.09375 0.29059124999999997
vt 0.09375 0.29578812499999996
vt 0.09375 0.29059124999999997
vt 0.09375 0.275
vt 0.09375 0.275
vt 0.09375 0.275
vt 0.09375 0.275
vt 0.09375 0.275
vt 0.09375 0.275
vt 0.09375 0.275
vt 0.09375 0.275
vt 0.09375 0.275
vt 0.09375 0.275
vt 0.09375 0.275
vt 0.09375 0.275
vt 0.09375 0.275
vt 0.09375 0.275
vt 0.09375 0.275
vt 0.09375 0.275
vt 0.09375 0.275
vt 0.09375 0.275
vt 0.09375 0.275
vt 0.09375 0.275
vt 0.09375 0.275
vt 0.09375 0.275
vt 0.09375 0.275
vt 0.09375 0.275
vt 0.09375 0.275
vt 0.09375 0.275
vt 0.09375 0.275
vt 0.09375 0.275
vt 0.09375 0.275
vt 0.09375 0.275
vt 0.09375 0.275
vt 0.09375 0.275
vt 0.09375 0.275
vt 0.09375 0.275
vt 0.09375 0.275
vt 0.09375 0.275
vt 0.09375 0.275
vt 0.09375 0.275
vt 0.09375 0.275
vt 0.09375 0.275
vt 0.09375 0.275
vt 0.09375 0.275
vt 0.09375 0.275
vt 0.09375 0.275
vt 0.09375 0.275
vt 0.09375 0.275
vt 0.09375 0.275
vt 0.09375 0.275
vt 0.09375 0.275
vt 0.09375 0.275
vt 0.09375 0.275
vt 0.09375 0.275
vt 0.09375 0.275
vt 0.09375 0.275
vt 0.09375 0.275
vt 0.09375 0.275
vt 0.09375 0.275
vt 0.09375 0.275
vt 0.09375 0.275
vt 0.09375 0.275
vt 0.09375 0.275
vt 0.09375 0.275
vt 0.09375 0.275
vt 0.09375 0.275
vt 0.09375 0.275
vt 0.09375 0.275
vt 0.09375 0.275
vt 0.09375 0.275
vt 0.09375 0.275
vt 0.09375 0.275
vt 0.09375 0.275
vt 0.09375 0.275
vt 0.09375 0.275
vt 0.09375 0.275
vt 0.09375 0.275
vt 0.09375 0.29059124999999997
vt 0.09375 0.275
vt 0.09375 0.29059124999999997
vt 0.09375 0.275
vt 0.09375 0.29578812499999996
vt 0.09375 0.34911812499999995
vt 0.09375 0.40088187500000005
vt 0.09375 0.375
vt 0.09375 0.40088187500000005
vt 0.09375 0.34911812499999995
vt 0.09375 0.42500000000000004
vt 0.09375 0.42500000000000004
vt 0.09375 0.34911812499999995
vt 0.09375 0.32499999999999996
vt 0.09375 0.42500000000000004
vt 0.09375 0.32499999999999996
vt 0.09375 0.445710625
vt 0.09375 0.445710625
vt 0.09375 0.32499999999999996
vt 0.09375 0.304289375
vt 0.09375 0.445710625
vt 0.09375 0.304289375
vt 0.09375 0.375
vt 0.09375 0.39219250000000005
vt 0.09375 0.445710625
vt 0.09375 0.375
vt 0.09375 0.375
vt 0.09375 0.304289375
vt 0.09375 0.35780749999999995
vt 0.09375 0.445710625
vt 0.09375 0.39219250000000005
vt 0.09375 0.4616025
vt 0.09375 0.4616025
vt 0.09375 0.39219250000000005
vt 0.09375 0.40821375000000004
vt 0.09375 0.4616025
vt 0.09375 0.40821375000000004
vt 0.09375 0.42197125
vt 0.09375 0.35780749999999995
vt 0.09375 0.304289375
vt 0.09375 0.2883975
vt 0.09375 0.35780749999999995
vt 0.09375 0.2883975
vt 0.09375 0.34178624999999996
vt 0.09375 0.34178624999999996
vt 0.09375 0.2883975
vt 0.09375 0.32802875
vt 0.09375 0.4616025
vt 0.09375 0.42197125
vt 0.09375 0.47159249999999997
vt 0.09375 0.47159249999999997
vt 0.09375 0.42197125
vt 0.09375 0.43252749999999995
vt 0.09375 0.47159249999999997
vt 0.09375 0.43252749999999995
vt 0.09375 0.43916374999999996
vt 0.09375 0.47159249999999997
vt 0.09375 0.43916374999999996
vt 0.09375 0.475
vt 0.09375 0.475
vt 0.09375 0.43916374999999996
vt 0.09375 0.4414275
vt 0.09375 0.32802875
vt 0.09375 0.2883975
vt 0.09375 0.27840750000000003
vt 0.09375 0.32802875
vt 0.09375 0.27840750000000003
vt 0.09375 0.31747250000000005
vt 0.09375 0.31747250000000005
vt 0.09375 0.27840750000000003
vt 0.09375 0.31083625000000004
vt 0.09375 0.475
vt 0.09375 0.4414275
vt 0.09375 0.47159249999999997
vt 0.09375 0.47159249999999997
vt 0.09375 0.4414275
vt 0.09375 0.43916374999999996
vt 0.09375 0.47159249999999997
vt 0.09375 0.43916374999999996
vt 0.09375 0.43252749999999995
vt 0.09375 0.31083625000000004
vt 0.09375 0.27840750000000003
vt 0.09375 0.275
vt 0.09375 0.31083625000000004
vt 0.09375 0.275
vt 0.09375 0.3085725
vt 0.09375 0.3085725
vt 0.09375 0.275
vt 0.09375 0.31083625000000004
vt 0.09375 0.31083625000000004
vt 0.09375 0.275
vt 0.09375 0.27840750000000003
vt 0.09375 0.31083625000000004
vt 0.09375 0.27840750000000003
vt 0.09375 0.31747250000000005
vt 0.09375 0.47159249999999997
vt 0.09375 0.43252749999999995
vt 0.09375 0.4616025
vt 0.09375 0.4616025
vt 0.09375 0.43252749999999995
vt 0.09375 0.42197125
vt 0.09375 0.4616025
vt 0.09375 0.42197125
vt 0.09375 0.40821375000000004
vt 0.09375 0.31747250000000005
vt 0.09375 0.27840750000000003
vt 0.09375 0.2883975
vt 0.09375 0.31747250000000005
vt 0.09375 0.2883975
vt 0.09375 0.32802875
vt 0.09375 0.32802875
vt 0.09375 0.2883975
vt 0.09375 0.34178624999999996
vt 0.09375 0.4616025
vt 0.09375 0.40821375000000004
vt 0.09375 0.445710625
vt 0.09375 0.34178624999999996
vt 0.09375 0.2883975
vt 0.09375 0.304289375
vt 0.09375 0.445710625
vt 0.09375 0.40821375000000004
vt 0.09375 0.39219250000000005
vt 0.09375 0.34178624999999996
vt 0.09375 0.304289375
vt 0.09375 0.35780749999999995
vt 0.09375 0.445710625
vt 0.09375 0.39219250000000005
vt 0.09375 0.375
vt 0.09375 0.35780749999999995
vt 0.09375 0.304289375
vt 0.09375 0.375
vt 0.09375 0.375
vt 0.09375 0.304289375
vt 0.09375 0.445710625
vt 0.09375 0.445710625
vt 0.09375 0.304289375
vt 0.09375 0.42500000000000004
vt 0.09375 0.42500000000000004
vt 0.09375 0.304289375
vt 0.09375 0.32499999999999996
vt 0.09375 0.42500000000000004
vt 0.09375 0.32499999999999996
vt 0.09375 0.40088187500000005
vt 0.09375 0.40088187500000005
vt 0.09375 0.32499999999999996
vt 0.09375 0.34911812499999995
vt 0.09375 0.40088187500000005
vt 0.09375 0.34911812499999995
vt 0.09375 0.375
vt 0.59375 0.025000000000000022
vt 0.59375 0.025000000000000022
vt 0.59375 0.025000000000000022
vt 0.59375 0.025000000000000022
vt 0.59375 0.025000000000000022
vt 0.59375 0.025000000000000022
vt 0.59375 0.21818499999999996
vt 0.59375 0.17222437499999999
vt 0.59375 0.18920749999999997
vt 0.59375 0.17222437499999999
vt 0.59375 0.21818499999999996
vt 0.59375 0.19820499999999996
vt 0.59375 0.025000000000000022
vt 0.59375 0.025000000000000022
vt 0.59375 0.025000000000000022
vt 0.59375 0.025000000000000022
vt 0.59375 0.025000000000000022
vt 0.59375 0.025000000000000022
vt 0.59375 0.19820499999999996
vt 0.59375 0.14520812500000002
vt 0.59375 0.17222437499999999
vt 0.59375 0.14520812500000002
vt 0.59375 0.19820499999999996
vt 0.59375 0.16642124999999997
vt 0.59375 0.025000000000000022
vt 0.59375 0.025000000000000022
vt 0.59375 0.025000000000000022
vt 0.59375 0.025000000000000022
vt 0.59375 0.025000000000000022
vt 0.59375 0.025000000000000022
vt 0.59375 0.07676375000000002
vt 0.59375 0.125
vt 0.59375 0.07676375000000002
vt 0.59375 0.125
vt 0.59375 0.07676375000000002
vt 0.59375 0.125
vt 0.59375 0.19820499999999996
vt 0.59375 0.18920749999999997
vt 0.59375 0.17222437499999999
vt 0.59375 0.18920749999999997
vt 0.59375 0.19820499999999996
vt 0.59375 0.21818499999999996
vt 0.59375 0.025000000000000022
vt 0.59375 0.025000000000000022
vt 0.59375 0.025000000000000022
vt 0.59375 0.025000000000000022
vt 0.59375 0.025000000000000022
vt 0.59375 0.025000000000000022
vt 0.59375 0.025000000000000022
vt 0.59375 0.025000000000000022
vt 0.59375 0.025000000000000022
vt 0.59375 0.025000000000000022
vt 0.59375 0.025000000000000022
vt 0.59375 0.025000000000000022
vt 0.59375 0.22499999999999998
vt 0.59375 0.18920749999999997
vt 0.59375 0.19499999999999995
vt 0.59375 0.18920749999999997
vt 0.59375 0.22499999999999998
vt 0.59375 0.21818499999999996
vt 0.59375 0.10999999999999999
vt 0.59375 0.07676375000000002
vt 0.59375 0.06899937499999997
vt 0.59375 0.07676375000000002
vt 0.59375 0.10999999999999999
vt 0.59375 0.125
vt 0.59375 0.125
vt 0.59375 0.16642124999999997
vt 0.59375 0.125
vt 0.59375 0.16642124999999997
vt 0.59375 0.125
vt 0.59375 0.16642124999999997
vt 0.59375 0.025000000000000022
vt 0.59375 0.025000000000000022
vt 0.59375 0.025000000000000022
vt 0.59375 0.025000000000000022
vt 0.59375 0.025000000000000022
vt 0.59375 0.025000000000000022
vt 0.59375 0.025000000000000022
vt 0.59375 0.025000000000000022
vt 0.59375 0.025000000000000022
vt 0.59375 0.025000000000000022
vt 0.59375 0.025000000000000022
vt 0.59375 0.025000000000000022
vt 0.59375 0.025000000000000022
vt 0.59375 0.025000000000000022
vt 0.59375 0.025000000000000022
vt 0.59375 0.025000000000000022
vt 0.59375 0.025000000000000022
vt 0.59375 0.025000000000000022
vt 0.59375 0.14520812500000002
vt 0.59375 0.125
vt 0.59375 0.10999999999999999
vt 0.59375 0.125
vt 0.59375 0.14520812500000002
vt 0.59375 0.16642124999999997
vt 0.59375 0.025000000000000022
vt 0.59375 0.025000000000000022
vt 0.59375 0.025000000000000022
vt 0.59375 0.025000000000000022
vt 0.59375 0.025000000000000022
vt 0.59375 0.025000000000000022
vt 0.59375 0.21818499999999996
vt 0.59375 0.22499999999999998
vt 0.59375 0.21818499999999996
vt 0.59375 0.22499999999999998
vt 0.59375 0.21818499999999996
vt 0.59375 0.22499999999999998
vt 0.59375 0.025000000000000022
vt 0.59375 0.025000000000000022
vt 0.59375 0.025000000000000022
vt 0.59375 0.025000000000000022
vt 0.59375 0.025000000000000022
vt 0.59375 0.025000000000000022
vt 0.59375 0.025000000000000022
vt 0.59375 0.025000000000000022
vt 0.59375 0.025000000000000022
vt 0.59375 0.025000000000000022
vt 0.59375 0.025000000000000022
vt 0.59375 0.025000000000000022
vt 0.59375 0.025000000000000022
vt 0.59375 0.025000000000000022
vt 0.59375 0.025000000000000022
vt 0.59375 0.025000000000000022
vt 0.59375 0.025000000000000022
vt 0.59375 0.025000000000000022
vt 0.59375 0.21818499999999996
vt 0.59375 0.19499999999999995
vt 0.59375 0.18920749999999997
vt 0.59375 0.19499999999999995
vt 0.59375 0.21818499999999996
vt 0.59375 0.22499999999999998
vt 0.59375 0.19820499999999996
vt 0.59375 0.21818499999999996
vt 0.59375 0.19820499999999996
vt 0.59375 0.21818499999999996
vt 0.59375 0.19820499999999996
vt 0.59375 0.21818499999999996
vt 0.59375 0.125
vt 0.59375 0.16642124999999997
vt 0.59375 0.125
vt 0.59375 0.16642124999999997
vt 0.59375 0.125
vt 0.59375 0.16642124999999997
vt 0.59375 0.16642124999999997
vt 0.59375 0.19820499999999996
vt 0.59375 0.16642124999999997
vt 0.59375 0.19820499999999996
vt 0.59375 0.16642124999999997
vt 0.59375 0.19820499999999996
vt 0.59375 0.025000000000000022
vt 0.59375 0.025000000000000022
vt 0.59375 0.025000000000000022
vt 0.59375 0.025000000000000022
vt 0.59375 0.025000000000000022
vt 0.59375 0.025000000000000022
vt 0.59375 0.025000000000000022
vt 0.59375 0.025000000000000022
vt 0.59375 0.025000000000000022
vt 0.59375 0.025000000000000022
vt 0.59375 0.025000000000000022
vt 0.59375 0.025000000000000022
vt 0.59375 0.16642124999999997
vt 0.59375 0.17222437499999999
vt 0.59375 0.14520812500000002
vt 0.59375 0.17222437499999999
vt 0.59375 0.16642124999999997
vt 0.59375 0.19820499999999996
vt 0.59375 0.025000000000000022
vt 0.59375 0.06899937499999997
vt 0.59375 0.025000000000000022
vt 0.59375 0.06899937499999997
vt 0.59375 0.025000000000000022
vt 0.59375 0.07676375000000002
vt 0.59375 0.125
vt 0.59375 0.14520812500000002
vt 0.59375 0.10999999999999999
vt 0.59375 0.14520812500000002
vt 0.59375 0.125
vt 0.59375 0.16642124999999997
vt 0.59375 0.025000000000000022
vt 0.59375 0.025000000000000022
vt 0.59375 0.025000000000000022
vt 0.59375 0.025000000000000022
vt 0.59375 0.025000000000000022
vt 0.59375 0.025000000000000022
vt 0.59375 0.025000000000000022
vt 0.59375 0.025000000000000022
vt 0.59375 0.025000000000000022
vt 0.59375 0.025000000000000022
vt 0.59375 0.025000000000000022
vt 0.59375 0.025000000000000022
vt 0.59375 0.025000000000000022
vt 0.59375 0.025000000000000022
vt 0.59375 0.025000000000000022
vt 0.59375 0.025000000000000022
vt 0.59375 0.025000000000000022
vt 0.59375 0.025000000000000022
vt 0.59375 0.21818499999999996
vt 0.59375 0.19820499999999996
vt 0.59375 0.21818499999999996
vt 0.59375 0.19820499999999996
vt 0.59375 0.21818499999999996
vt 0.59375 0.19820499999999996
vt 0.59375 0.19820499999999996
vt 0.59375 0.16642124999999997
vt 0.59375 0.19820499999999996
vt 0.59375 0.16642124999999997
vt 0.59375 0.19820499999999996
vt 0.59375 0.16642124999999997
vt 0.59375 0.025000000000000022
vt 0.59375 0.025000000000000022
vt 0.59375 0.025000000000000022
vt 0.59375 0.025000000000000022
vt 0.59375 0.025000000000000022
vt 0.59375 0.025000000000000022
vt 0.59375 0.07676375000000002
vt 0.59375 0.125
vt 0.59375 0.07676375000000002
vt 0.59375 0.125
vt 0.59375 0.07676375000000002
vt 0.59375 0.125
vt 0.59375 0.025000000000000022
vt 0.59375 0.025000000000000022
vt 0.59375 0.025000000000000022
vt 0.59375 0.025000000000000022
vt 0.59375 0.025000000000000022
vt 0.59375 0.025000000000000022
vt 0.59375 0.025000000000000022
vt 0.59375 0.025000000000000022
vt 0.59375 0.025000000000000022
vt 0.59375 0.025000000000000022
vt 0.59375 0.025000000000000022
vt 0.59375 0.025000000000000022
vt 0.59375 0.025000000000000022
vt 0.59375 0.06899937499999997
vt 0.59375 0.025000000000000022
vt 0.59375 0.06899937499999997
vt 0.59375 0.025000000000000022
vt 0.59375 0.10999999999999999
vt 0.59375 0.10999999999999999
vt 0.59375 0.025000000000000022
vt 0.59375 0.025000000000000022
vt 0.59375 0.10999999999999999
vt 0.59375 0.025000000000000022
vt 0.59375 0.14520812500000002
vt 0.59375 0.14520812500000002
vt 0.59375 0.025000000000000022
vt 0.59375 0.025000000000000022
vt 0.59375 0.025000000000000022
vt 0.59375 0.025000000000000022
vt 0.59375 0.025000000000000022
vt 0.59375 0.14520812500000002
vt 0.59375 0.025000000000000022
vt 0.59375 0.05629437500000001
vt 0.59375 0.025000000000000022
vt 0.59375 0.025000000000000022
vt 0.59375 0.025000000000000022
vt 0.59375 0.14520812500000002
vt 0.59375 0.05629437500000001
vt 0.59375 0.17222437499999999
vt 0.59375 0.025000000000000022
vt 0.59375 0.025000000000000022
vt 0.59375 0.025000000000000022
vt 0.59375 0.17222437499999999
vt 0.59375 0.05629437500000001
vt 0.59375 0.08545625000000001
vt 0.59375 0.17222437499999999
vt 0.59375 0.08545625000000001
vt 0.59375 0.11049750000000003
vt 0.59375 0.17222437499999999
vt 0.59375 0.11049750000000003
vt 0.59375 0.12971312499999998
vt 0.59375 0.17222437499999999
vt 0.59375 0.12971312499999998
vt 0.59375 0.18920749999999997
vt 0.59375 0.18920749999999997
vt 0.59375 0.12971312499999998
vt 0.59375 0.141791875
vt 0.59375 0.18920749999999997
vt 0.59375 0.141791875
vt 0.59375 0.19499999999999995
vt 0.59375 0.19499999999999995
vt 0.59375 0.141791875
vt 0.59375 0.14591187500000002
vt 0.59375 0.025000000000000022
vt 0.59375 0.025000000000000022
vt 0.59375 0.025000000000000022
vt 0.59375 0.025000000000000022
vt 0.59375 0.025000000000000022
vt 0.59375 0.025000000000000022
vt 0.59375 0.025000000000000022
vt 0.59375 0.025000000000000022
vt 0.59375 0.025000000000000022
vt 0.59375 0.025000000000000022
vt 0.59375 0.025000000000000022
vt 0.59375 0.025000000000000022
vt 0.59375 0.025000000000000022
vt 0.59375 0.025000000000000022
vt 0.59375 0.025000000000000022
vt 0.59375 0.19499999999999995
vt 0.59375 0.14591187500000002
vt 0.59375 0.18920749999999997
vt 0.59375 0.18920749999999997
vt 0.59375 0.14591187500000002
vt 0.59375 0.141791875
vt 0.59375 0.18920749999999997
vt 0.59375 0.141791875
vt 0.59375 0.12971312499999998
vt 0.59375 0.18920749999999997
vt 0.59375 0.12971312499999998
vt 0.59375 0.17222437499999999
vt 0.59375 0.17222437499999999
vt 0.59375 0.12971312499999998
vt 0.59375 0.11049750000000003
vt 0.59375 0.025000000000000022
vt 0.59375 0.025000000000000022
vt 0.59375 0.025000000000000022
vt 0.59375 0.025000000000000022
vt 0.59375 0.025000000000000022
vt 0.59375 0.025000000000000022
vt 0.59375 0.025000000000000022
vt 0.59375 0.025000000000000022
vt 0.59375 0.025000000000000022
vt 0.59375 0.025000000000000022
vt 0.59375 0.025000000000000022
vt 0.59375 0.025000000000000022
vt 0.59375 0.025000000000000022
vt 0.59375 0.025000000000000022
vt 0.59375 0.025000000000000022
vt 0.59375 0.025000000000000022
vt 0.59375 0.025000000000000022
vt 0.59375 0.025000000000000022
vt 0.59375 0.025000000000000022
vt 0.59375 0.025000000000000022
vt 0.59375 0.025000000000000022
vt 0.59375 0.17222437499999999
vt 0.59375 0.11049750000000003
vt 0.59375 0.14520812500000002
vt 0.59375 0.025000000000000022
vt 0.59375 0.025000000000000022
vt 0.59375 0.025000000000000022
vt 0.59375 0.14520812500000002
vt 0.59375 0.11049750000000003
vt 0.59375 0.08545625000000001
vt 0.59375 0.14520812500000002
vt 0.59375 0.08545625000000001
vt 0.59375 0.05629437500000001
vt 0.59375 0.025000000000000022
vt 0.59375 0.025000000000000022
vt 0.59375 0.025000000000000022
vt 0.59375 0.025000000000000022
vt 0.59375 0.025000000000000022
vt 0.59375 0.025000000000000022
vt 0.59375 0.14520812500000002
vt 0.59375 0.05629437500000001
vt 0.59375 0.025000000000000022
vt 0.59375 0.025000000000000022
vt 0.59375 0.025000000000000022
vt 0.59375 0.025000000000000022
vt 0.59375 0.14520812500000002
vt 0.59375 0.025000000000000022
vt 0.59375 0.10999999999999999
vt 0.59375 0.025000000000000022
vt 0.59375 0.025000000000000022
vt 0.59375 0.025000000000000022
vt 0.59375 0.025000000000000022
vt 0.59375 0.025000000000000022
vt 0.59375 0.10999999999999999
vt 0.59375 0.10999999999999999
vt 0.59375 0.025000000000000022
vt 0.59375 0.06899937499999997
vt 0.59375 0.06899937499999997
vt 0.59375 0.025000000000000022
vt 0.59375 0.025000000000000022
vt 0.59375 0.06899937499999997
vt 0.59375 0.025000000000000022
vt 0.59375 0.025000000000000022
vt 0.59375 0.025000000000000022
vt 0.59375 0.025000000000000022
vt 0.59375 0.025000000000000022
vt 0.59375 0.025000000000000022
vt 0.59375 0.025000000000000022
vt 0.59375 0.025000000000000022
vt 0.59375 0.07676375000000002
vt 0.59375 0.10999999999999999
vt 0.59375 0.06899937499999997
vt 0.59375 0.10999999999999999
vt 0.59375 0.07676375000000002
vt 0.59375 0.125
vt 0.59375 0.025000000000000022
vt 0.59375 0.025000000000000022
vt 0.59375 0.025000000000000022
vt 0.59375 0.025000000000000022
vt 0.59375 0.025000000000000022
vt 0.59375 0.025000000000000022
vt 0.59375 0.22499999999999998
vt 0.59375 0.21818499999999996
vt 0.59375 0.22499999999999998
vt 0.59375 0.21818499999999996
vt 0.59375 0.22499999999999998
vt 0.59375 0.21818499999999996
vt 0.59375 0.025000000000000022
vt 0.59375 0.025000000000000022
vt 0.59375 0.025000000000000022
vt 0.59375 0.025000000000000022
vt 0.59375 0.025000000000000022
vt 0.59375 0.025000000000000022
vt 0.59375 0.025000000000000022
vt 0.59375 0.07676375000000002
vt 0.59375 0.025000000000000022
vt 0.59375 0.07676375000000002
vt 0.59375 0.025000000000000022
vt 0.59375 0.07676375000000002
vt 0.59375 0.025000000000000022
vt 0.59375 0.07676375000000002
vt 0.59375 0.025000000000000022
vt 0.59375 0.07676375000000002
vt 0.59375 0.025000000000000022
vt 0.59375 0.07676375000000002
vt 0.59375 0.025000000000000022
vt 0.59375 0.07676375000000002
vt 0.59375 0.025000000000000022
vt 0.59375 0.07676375000000002
vt 0.59375 0.025000000000000022
vt 0.59375 0.06899937499999997
vt 0.59375 0.025000000000000022
vt 0.59375 0.025000000000000022
vt 0.59375 0.025000000000000022
vt 0.59375 0.025000000000000022
vt 0.59375 0.025000000000000022
vt 0.59375 0.025000000000000022
vt 0.59375 0.06899937499999997
vt 0.59375 0.025000000000000022
vt 0.59375 0.025000000000000022
vt 0.59375 0.025000000000000022
vt 0.59375 0.06899937499999997
vt 0.59375 0.10999999999999999
vt 0.59375 0.025000000000000022
vt 0.59375 0.10999999999999999
vt 0.59375 0.025000000000000022
vt 0.59375 0.025000000000000022
vt 0.59375 0.10999999999999999
vt 0.59375 0.025000000000000022
vt 0.59375 0.025000000000000022
vt 0.59375 0.10999999999999999
vt 0.59375 0.14520812500000002
vt 0.59375 0.025000000000000022
vt 0.59375 0.14520812500000002
vt 0.59375 0.025000000000000022
vt 0.59375 0.025000000000000022
vt 0.59375 0.14520812500000002
vt 0.59375 0.17222437499999999
vt 0.59375 0.025000000000000022
vt 0.59375 0.17222437499999999
vt 0.59375 0.025000000000000022
vt 0.59375 0.025000000000000022
vt 0.59375 0.17222437499999999
vt 0.59375 0.18920749999999997
vt 0.59375 0.025000000000000022
vt 0.59375 0.18920749999999997
vt 0.59375 0.025000000000000022
vt 0.59375 0.025000000000000022
vt 0.59375 0.18920749999999997
vt 0.59375 0.19499999999999995
vt 0.59375 0.025000000000000022
vt 0.59375 0.19499999999999995
vt 0.59375 0.025000000000000022
vt 0.59375 0.025000000000000022
vt 0.59375 0.19499999999999995
vt 0.59375 0.18920749999999997
vt 0.59375 0.025000000000000022
vt 0.59375 0.18920749999999997
vt 0.59375 0.025000000000000022
vt 0.59375 0.025000000000000022
vt 0.59375 0.18920749999999997
vt 0.59375 0.17222437499999999
vt 0.59375 0.025000000000000022
vt 0.59375 0.17222437499999999
vt 0.59375 0.025000000000000022
vt 0.59375 0.025000000000000022
vt 0.59375 0.17222437499999999
vt 0.59375 0.14520812500000002
vt 0.59375 0.025000000000000022
vt 0.59375 0.14520812500000002
vt 0.59375 0.025000000000000022
vt 0.59375 0.025000000000000022
vt 0.59375 0.14520812500000002
vt 0.59375 0.10999999999999999
vt 0.59375 0.025000000000000022
vt 0.59375 0.10999999999999999
vt 0.59375 0.025000000000000022
vt 0.59375 0.025000000000000022
vt 0.59375 0.10999999999999999
vt 0.59375 0.06899937499999997
vt 0.59375 0.025000000000000022
vt 0.59375 0.06899937499999997
vt 0.59375 0.025000000000000022
vt 0.59375 0.025000000000000022
vt 0.59375 0.06899937499999997
vt 0.59375 0.025000000000000022
vt 0.59375 0.06899937499999997
vt 0.59375 0.025000000000000022
vt 0.59375 0.07676375000000002
vt 0.59375 0.025000000000000022
vt 0.59375 0.025000000000000022
vt 0.59375 0.025000000000000022
vt 0.59375 0.025000000000000022
vt 0.59375 0.025000000000000022
vt 0.59375 0.025000000000000022
vt 0.59375 0.025000000000000022
vt 0.59375 0.025000000000000022
vt 0.59375 0.025000000000000022
vt 0.59375 0.025000000000000022
vt 0.59375 0.025000000000000022
vt 0.59375 0.025000000000000022
vt 0.59375 0.025000000000000022
vt 0.59375 0.025000000000000022
vt 0.59375 0.025000000000000022
vt 0.59375 0.025000000000000022
vt 0.59375 0.025000000000000022
vt 0.59375 0.025000000000000022
vt 0.59375 0.025000000000000022
vt 0.59375 0.025000000000000022
vt 0.59375 0.025000000000000022
vt 0.59375 0.025000000000000022
vt 0.59375 0.025000000000000022
vt 0.59375 0.025000000000000022
vt 0.59375 0.025000000000000022
vt 0.59375 0.025000000000000022
vt 0.59375 0.025000000000000022
vt 0.59375 0.025000000000000022
vt 0.59375 0.025000000000000022
vt 0.59375 0.025000000000000022
vt 0.59375 0.025000000000000022
vt 0.59375 0.025000000000000022
vt 0.59375 0.025000000000000022
vt 0.59375 0.025000000000000022
vt 0.59375 0.025000000000000022
vt 0.59375 0.025000000000000022
vt 0.59375 0.025000000000000022
vt 0.59375 0.025000000000000022
vt 0.59375 0.025000000000000022
vt 0.59375 0.025000000000000022
vt 0.59375 0.025000000000000022
vt 0.59375 0.025000000000000022
vt 0.59375 0.025000000000000022
vt 0.59375 0.025000000000000022
vt 0.59375 0.025000000000000022
vt 0.59375 0.025000000000000022
vt 0.59375 0.025000000000000022
vt 0.59375 0.025000000000000022
vt 0.59375 0.025000000000000022
vt 0.59375 0.025000000000000022
vt 0.59375 0.025000000000000022
vt 0.59375 0.025000000000000022
vt 0.59375 0.025000000000000022
vt 0.59375 0.025000000000000022
vt 0.59375 0.14520812500000002
vt 0.59375 0.125
vt 0.59375 0.10999999999999999
vt 0.59375 0.125
vt 0.59375 0.14520812500000002
vt 0.59375 0.16642124999999997
vt 0.59375 0.025000000000000022
vt 0.59375 0.025000000000000022
vt 0.59375 0.025000000000000022
vt 0.59375 0.025000000000000022
vt 0.59375 0.025000000000000022
vt 0.59375 0.025000000000000022
vt 0.59375 0.18920749999999997
vt 0.59375 0.19820499999999996
vt 0.59375 0.21818499999999996
vt 0.59375 0.19820499999999996
vt 0.59375 0.18920749999999997
vt 0.59375 0.17222437499999999
vt 0.59375 0.125
vt 0.59375 0.14520812500000002
vt 0.59375 0.10999999999999999
vt 0.59375 0.14520812500000002
vt 0.59375 0.125
vt 0.59375 0.16642124999999997
vt 0.59375 0.19499999999999995
vt 0.59375 0.21818499999999996
vt 0.59375 0.22499999999999998
vt 0.59375 0.21818499999999996
vt 0.59375 0.19499999999999995
vt 0.59375 0.18920749999999997
vt 0.59375 0.07676375000000002
vt 0.59375 0.10999999999999999
vt 0.59375 0.06899937499999997
vt 0.59375 0.10999999999999999
vt 0.59375 0.07676375000000002
vt 0.59375 0.125
vt 0.59375 0.025000000000000022
vt 0.59375 0.025000000000000022
vt 0.59375 0.025000000000000022
vt 0.59375 0.025000000000000022
vt 0.59375 0.025000000000000022
vt 0.59375 0.025000000000000022
vt 0.59375 0.10999999999999999
vt 0.59375 0.07676375000000002
vt 0.59375 0.06899937499999997
vt 0.59375 0.07676375000000002
vt 0.59375 0.10999999999999999
vt 0.59375 0.125
vt 0.59375 0.14520812500000002
vt 0.59375 0.19820499999999996
vt 0.59375 0.16642124999999997
vt 0.59375 0.19820499999999996
vt 0.59375 0.14520812500000002
vt 0.59375 0.17222437499999999
vt 0.59375 0.18920749999999997
vt 0.59375 0.22499999999999998
vt 0.59375 0.21818499999999996
vt 0.59375 0.22499999999999998
vt 0.59375 0.18920749999999997
vt 0.59375 0.19499999999999995
vt 0.59375 0.025000000000000022
vt 0.59375 0.025000000000000022
vt 0.59375 0.025000000000000022
vt 0.59375 0.025000000000000022
vt 0.59375 0.025000000000000022
vt 0.59375 0.025000000000000022
vt 0.59375 0.17222437499999999
vt 0.59375 0.21818499999999996
vt 0.59375 0.19820499999999996
vt 0.59375 0.21818499999999996
vt 0.59375 0.17222437499999999
vt 0.59375 0.18920749999999997
vt 0.59375 0.025000000000000022
vt 0.59375 0.07676375000000002
vt 0.59375 0.025000000000000022
vt 0.59375 0.07676375000000002
vt 0.59375 0.025000000000000022
vt 0.59375 0.06899937499999997
vt 0.59375 0.17222437499999999
vt 0.59375 0.16642124999999997
vt 0.59375 0.19820499999999996
vt 0.59375 0.16642124999999997
vt 0.59375 0.17222437499999999
vt 0.59375 0.14520812500000002
vn 1 0 1.2246467991473532e-16
vn 1 0 1.2246467991473532e-16
vn 1 0 1.2246467991473532e-16
vn 1 0 1.2246467991473532e-16
vn 1 0 1.2246467991473532e-16
vn 1 0 1.2246467991473532e-16
vn 1 0 1.2246467991473532e-16
vn 1 0 1.2246467991473532e-16
vn 1 0 1.2246467991473532e-16
vn 1 0 1.2246467991473532e-16
vn 1 0 1.2246467991473532e-16
vn 1 0 1.2246467991473532e-16
vn 1 0 1.2246467991473532e-16
vn 1 0 1.2246467991473532e-16
vn 1 0 1.2246467991473532e-16
vn 1 0 1.2246467991473532e-16
vn 1 0 1.2246467991473532e-16
vn 1 0 1.2246467991473532e-16
vn 1 0 1.2246467991473532e-16
vn 1 0 1.2246467991473532e-16
vn 1 0 1.2246467991473532e-16
vn 1 0 1.2246467991473532e-16
vn 0.512746542048784 -0.5226461057319334 0.6811255624187507
vn 0.512746542048784 -0.6811255624187506 0.5226461057319335
vn 0.5127487983493916 -0.5226408730528569 0.6811278790402008
vn 0.5127487983493917 -0.6811278790402009 0.5226408730528567
vn 0.512749570419942 -0.3285454012344252 0.7931871137139556
vn 0.5127495704199423 -0.7931871137139558 0.3285454012344247
vn 0.512750087581671 -0.328544105299069 0.7931873161859204
vn 0.512750087581671 -0.7931873161859203 0.32854410529906897
vn 0.5127500746476437 -0.8511914082608243 0.11207384820639715
vn 0.5127474860082263 -0.8511921080836279 0.11208037619669758
vn 0.5127478558592385 -0.851192722058872 -0.11207402119028939
vn 0.5127504444096374 -0.8511903563446227 -0.1120801455371732
vn 0.5127500137068979 -0.79318686911934 -0.3285452999210841
vn 0.5127494965447463 -0.793187642305461 -0.32854424038021623
vn 0.5127484759989105 -0.6811246460817945 -0.5226454026017497
vn 0.512746219714876 -0.6811291008451569 -0.5226418105643407
vn 0.5127465420487842 -0.5226461057319335 -0.6811255624187504
vn 0.5127487983493918 -0.5226408730528569 -0.6811278790402007
vn 0.5127495704199424 -0.3285454012344252 -0.7931871137139553
vn 0.5127500875816712 -0.328544105299069 -0.7931873161859202
vn 0.5127500746476438 -0.11207384820639701 -0.8511914082608244
vn 0.5127474860082265 -0.11208037619669756 -0.8511921080836279
vn 0.5127474860082265 0.11208037619669756 -0.8511921080836279
vn 0.5127500746476438 0.11207384820639703 -0.8511914082608244
vn 0.5127500875816712 0.328544105299069 -0.7931873161859202
vn 0.5127495704199423 0.32854540123442527 -0.7931871137139556
vn 0.5127487983493919 0.522640873052857 -0.6811278790402007
vn 0.512746542048784 0.5226461057319338 -0.6811255624187502
vn 0.5127462197148757 0.681129100845157 -0.5226418105643409
vn 0.5127484759989104 0.6811246460817941 -0.5226454026017502
vn 0.5127495704199423 0.7931871137139558 -0.3285454012344246
vn 0.512750087581671 0.7931873161859203 -0.32854410529906886
vn 0.5127504444096374 0.8511903563446227 -0.1120801455371732
vn 0.5127478558592387 0.851192722058872 -0.1120740211902894
vn 0.5127478558592385 0.851192722058872 0.11207402119028953
vn 0.5127504444096374 0.8511903563446227 0.11208014553717334
vn 0.512750087581671 0.7931873161859203 0.32854410529906886
vn 0.5127495704199423 0.7931871137139559 0.3285454012344247
vn 0.5127484759989102 0.681124646081794 0.5226454026017504
vn 0.5127462197148756 0.6811291008451571 0.5226418105643411
vn 0.5127465420487838 0.5226461057319339 0.6811255624187503
vn 0.5127487983493916 0.5226408730528569 0.6811278790402009
vn 0.5127495704199422 0.3285454012344252 0.7931871137139556
vn 0.512750087581671 0.328544105299069 0.7931873161859204
vn 0.5127500746476436 0.11207384820639701 0.8511914082608246
vn 0.5127474860082263 0.11208037619669756 0.8511921080836281
vn 0.5127474860082263 -0.11208037619669756 0.8511921080836281
vn 0.5127500746476436 -0.11207384820639703 0.8511914082608246
vn 1 0 1.2246467991473532e-16
vn 1 0 1.2246467991473532e-16
vn 1 0 1.2246467991473532e-16
vn 1 0 1.2246467991473532e-16
vn 1 0 1.2246467991473532e-16
vn 1 0 1.2246467991473532e-16
vn 1 0 1.2246467991473532e-16
vn 1 0 1.2246467991473532e-16
vn 1 0 1.2246467991473532e-16
vn 1 0 1.2246467991473532e-16
vn 1 0 1.2246467991473532e-16
vn 1 0 1.2246467991473532e-16
vn 1 0 1.2246467991473532e-16
vn 1 0 1.2246467991473532e-16
vn 1 0 1.2246467991473532e-16
vn 1 0 1.2246467991473532e-16
vn 1 0 1.2246467991473532e-16
vn 1 0 1.2246467991473532e-16
vn 1 0 1.2246467991473532e-16
vn 1 0 1.2246467991473532e-16
vn 1 0 1.2246467991473532e-16
vn 1 0 1.2246467991473532e-16
vn 1 0 1.2246467991473532e-16
vn 1 0 1.2246467991473532e-16
vn 1 0 1.2246467991473532e-16
vn 1 0 1.2246467991473532e-16
vn 1 0 1.2246467991473532e-16
vn 1 0 1.2246467991473532e-16
vn 1 0 1.2246467991473532e-16
vn 1 0 1.2246467991473532e-16
vn 1 0 1.2246467991473532e-16
vn 1 0 1.2246467991473532e-16
vn 1 0 1.2246467991473532e-16
vn 1 0 1.2246467991473532e-16
vn 1 0 1.2246467991473532e-16
vn 1 0 1.2246467991473532e-16
vn 1 0 1.2246467991473532e-16
vn 1 0 1.2246467991473532e-16
vn 1 0 1.2246467991473532e-16
vn 1 0 1.2246467991473532e-16
vn 1 0 1.2246467991473532e-16
vn 1 0 1.2246467991473532e-16
vn 1 0 1.2246467991473532e-16
vn 1 0 1.2246467991473532e-16
vn 1 0 1.2246467991473532e-16
vn 1 0 1.2246467991473532e-16
vn 1 0 1.2246467991473532e-16
vn 1 0 1.2246467991473532e-16
vn 0.40743987004877263 -0.7245203678692108 0.5559343386024133
vn 0.40743432698747833 -0.7245167446171431 0.5559431229556114
vn 0.4074357837204938 0.8437163825681471 0.3494835445771195
vn 0.4074395133126766 0.8437172076470141 0.34947720456684284
vn 0.4074338775414925 -0.7245224889469596 -0.5559359661342366
vn 0.4074394206185821 -0.724514941714985 -0.5559417395354715
vn 0.4074398700487728 0.724520367869211 0.5559343386024128
vn 0.4074343269874781 0.7245167446171432 0.5559431229556114
vn 1.131427015783924e-16 -0.3826816512484569 -0.923880270271941
vn 1.131427015783924e-16 -0.3826816512484569 -0.923880270271941
vn -1.1314270157839242e-16 0.3826816512484568 0.9238802702719411
vn -1.1314270157839242e-16 0.3826816512484568 0.9238802702719411
vn 0.40743981570512955 0.8437147206367765 -0.3494828561731981
vn 0.40743608611439913 0.8437186202973074 -0.34947778970256244
vn -1.598524729013742e-17 -0.9914444324988257 0.13052944980762593
vn -1.598524729013742e-17 -0.9914444324988257 0.13052944980762593
vn -1.131427015783924e-16 -0.3826816512484569 0.923880270271941
vn -1.131427015783924e-16 -0.3826816512484569 0.923880270271941
vn 0.4074389479698164 0.905419884377369 0.11919872755747482
vn 0.40743590023962384 0.9054205740345674 0.1192039064411986
vn 0.40743578372049366 0.3494835445771191 0.8437163825681473
vn 0.4074395133126765 0.34947720456684206 0.8437172076470142
vn -9.71576416652639e-17 0.6087627189097392 0.793352350513706
vn -9.71576416652639e-17 0.6087627189097392 0.793352350513706
vn 0.4074359002396235 -0.11920390644119797 0.9054205740345675
vn 0.4074389479698159 -0.11919872755747443 0.9054198843773692
vn 9.715764166526393e-17 -0.6087627189097388 -0.7933523505137062
vn 9.715764166526393e-17 -0.6087627189097388 -0.7933523505137062
vn 7.455193151530512e-17 -0.7933523505137062 -0.6087627189097385
vn 7.455193151530512e-17 -0.7933523505137062 -0.6087627189097385
vn 0.40743987004877297 0.5559343386024134 0.7245203678692107
vn 0.4074343269874781 0.555943122955612 0.7245167446171428
vn 1.598524729013742e-17 -0.9914444324988257 -0.13052944980762593
vn 1.598524729013742e-17 -0.9914444324988257 -0.13052944980762593
vn 1.5985247290137458e-17 0.9914444324988257 -0.13052944980762624
vn 1.5985247290137458e-17 0.9914444324988257 -0.13052944980762624
vn -7.455193151530512e-17 -0.7933523505137062 0.6087627189097385
vn -7.455193151530512e-17 -0.7933523505137062 0.6087627189097385
vn 0.4074395133126765 -0.34947720456684217 0.8437172076470143
vn 0.40743578372049366 -0.34948354457711905 0.8437163825681473
vn 4.6864985929384656e-17 -0.923880270271941 -0.382681651248457
vn 4.6864985929384656e-17 -0.923880270271941 -0.382681651248457
vn 0.40743565312338476 0.9054213417914931 -0.11919891942636572
vn 0.407438700855728 0.9054193352349503 -0.11920374334599401
vn 4.6864985929384724e-17 0.9238802702719408 -0.38268165124845754
vn 4.6864985929384724e-17 0.9238802702719408 -0.38268165124845754
vn 9.71576416652639e-17 0.6087627189097392 -0.793352350513706
vn 9.71576416652639e-17 0.6087627189097392 -0.793352350513706
vn 7.455193151530512e-17 0.7933523505137062 -0.6087627189097385
vn 7.455193151530512e-17 0.7933523505137062 -0.6087627189097385
vn 0.4074343269874783 -0.5559431229556118 0.724516744617143
vn 0.40743987004877275 -0.5559343386024134 0.7245203678692108
vn -1.2141692507921511e-16 -0.13052944980762554 0.9914444324988257
vn -1.2141692507921511e-16 -0.13052944980762554 0.9914444324988257
vn 0.4074338775414923 0.7245224889469599 -0.5559359661342361
vn 0.40743942061858224 0.724514941714985 -0.5559417395354715
vn 0.4074389479698161 0.11919872755747443 -0.9054198843773692
vn 0.4074359002396237 0.11920390644119797 -0.9054205740345675
vn 0.4074398700487731 0.5559343386024133 -0.7245203678692107
vn 0.40743432698747833 0.555943122955612 -0.7245167446171428
vn -9.715764166526393e-17 -0.6087627189097388 0.7933523505137062
vn -9.715764166526393e-17 -0.6087627189097388 0.7933523505137062
vn 0.4074343269874784 -0.5559431229556115 -0.7245167446171429
vn 0.40743987004877297 -0.5559343386024134 -0.7245203678692107
vn 0.4074356531233845 -0.9054213417914933 -0.11919891942636544
vn 0.4074387008557277 -0.9054193352349504 -0.11920374334599375
vn -4.6864985929384724e-17 0.9238802702719408 0.38268165124845754
vn -4.6864985929384724e-17 0.9238802702719408 0.38268165124845754
vn -7.455193151530512e-17 0.7933523505137062 0.6087627189097385
vn -7.455193151530512e-17 0.7933523505137062 0.6087627189097385
vn 0.4074389479698161 -0.9054198843773691 0.11919872755747453
vn 0.40743590023962367 -0.9054205740345675 0.11920390644119834
vn 1.1314270157839242e-16 0.3826816512484568 -0.9238802702719411
vn 1.1314270157839242e-16 0.3826816512484568 -0.9238802702719411
vn -4.6864985929384656e-17 -0.923880270271941 0.382681651248457
vn -4.6864985929384656e-17 -0.923880270271941 0.382681651248457
vn 0.40743951331267675 -0.34947720456684217 -0.8437172076470143
vn 0.40743578372049377 -0.34948354457711905 -0.8437163825681471
vn 1 0 1.2246467991473532e-16
vn 1 0 1.2246467991473532e-16
vn 1 0 1.2246467991473532e-16
vn 1 0 1.2246467991473532e-16
vn 1 0 1.2246467991473532e-16
vn 1 0 1.2246467991473532e-16
vn 1 0 1.2246467991473532e-16
vn 1 0 1.2246467991473532e-16
vn 1 0 1.2246467991473532e-16
vn 1 0 1.2246467991473532e-16
vn 1 0 1.2246467991473532e-16
vn 1 0 1.2246467991473532e-16
vn 1 0 1.2246467991473532e-16
vn 1 0 1.2246467991473532e-16
vn 1 0 1.2246467991473532e-16
vn 1 0 1.2246467991473532e-16
vn 1 0 1.2246467991473532e-16
vn 1 0 1.2246467991473532e-16
vn 1 0 1.2246467991473532e-16
vn 1 0 1.2246467991473532e-16
vn 1 0 1.2246467991473532e-16
vn 1 0 1.2246467991473532e-16
vn 1 0 1.2246467991473532e-16
vn 1 0 1.2246467991473532e-16
vn 1 0 1.2246467991473532e-16
vn 1 0 1.2246467991473532e-16
vn 1 0 1.2246467991473532e-16
vn 1 0 1.2246467991473532e-16
vn 1 0 1.2246467991473532e-16
vn 1 0 1.2246467991473532e-16
vn 1 0 1.2246467991473532e-16
vn 1 0 1.2246467991473532e-16
vn 1 0 1.2246467991473532e-16
vn 1 0 1.2246467991473532e-16
vn 1 0 1.2246467991473532e-16
vn 1 0 1.2246467991473532e-16
vn 1 0 1.2246467991473532e-16
vn 1 0 1.2246467991473532e-16
vn 1 0 1.2246467991473532e-16
vn 1 0 1.2246467991473532e-16
vn 1 0 1.2246467991473532e-16
vn 1 0 1.2246467991473532e-16
vn 1 0 1.2246467991473532e-16
vn 1 0 1.2246467991473532e-16
vn 1 0 1.2246467991473532e-16
vn 1 0 1.2246467991473532e-16
vn 1 0 1.2246467991473532e-16
vn 1 0 1.2246467991473532e-16
vn 1.2141692507921511e-16 -0.13052944980762554 -0.9914444324988257
vn 1.2141692507921511e-16 -0.13052944980762554 -0.9914444324988257
vn 0.40743578372049377 0.349483544577119 -0.8437163825681471
vn 0.40743951331267675 0.34947720456684206 -0.8437172076470142
vn 0.4074359002396237 -0.11920390644119794 -0.9054205740345675
vn 0.4074389479698161 -0.11919872755747439 -0.9054198843773692
vn -1.5985247290137458e-17 0.9914444324988257 0.13052944980762624
vn -1.5985247290137458e-17 0.9914444324988257 0.13052944980762624
vn 0.4074357837204937 -0.8437163825681473 0.34948354457711917
vn 0.40743951331267647 -0.8437172076470143 0.34947720456684234
vn 1.2141692507921511e-16 0.13052944980762554 -0.9914444324988257
vn 1.2141692507921511e-16 0.13052944980762554 -0.9914444324988257
vn -1.2141692507921511e-16 0.13052944980762554 0.9914444324988257
vn -1.2141692507921511e-16 0.13052944980762554 0.9914444324988257
vn 0.4074387008557274 0.11920374334599348 0.9054193352349504
vn 0.40743565312338437 0.11919891942636543 0.9054213417914933
vn 0.4074398157051294 -0.8437147206367768 -0.34948285617319774
vn 0.40743608611439885 -0.8437186202973076 -0.34947778970256194
vn -1 0 -1.2246467991473532e-16
vn -1 0 -1.2246467991473532e-16
vn -1 0 -1.2246467991473532e-16
vn -1 0 -1.2246467991473532e-16
vn -1 0 -1.2246467991473532e-16
vn -1 0 -1.2246467991473532e-16
vn -1 0 -1.2246467991473532e-16
vn -1 0 -1.2246467991473532e-16
vn -1 0 -1.2246467991473532e-16
vn -1 0 -1.2246467991473532e-16
vn -1 0 -1.2246467991473532e-16
vn -1 0 -1.2246467991473532e-16
vn -1 0 -1.2246467991473532e-16
vn -1 0 -1.2246467991473532e-16
vn -1 0 -1.2246467991473532e-16
vn -1 0 -1.2246467991473532e-16
vn -1 0 -1.2246467991473532e-16
vn -1 0 -1.2246467991473532e-16
vn -1 0 -1.2246467991473532e-16
vn -1 0 -1.2246467991473532e-16
vn -1 0 -1.2246467991473532e-16
vn -1 0 -1.2246467991473532e-16
vn -0.4074389479698161 0.11919872755747443 0.9054198843773692
vn -0.4074359002396237 0.11920390644119797 0.9054205740345675
vn -0.40743608611439885 -0.8437186202973076 0.34947778970256194
vn -0.4074398157051294 -0.8437147206367768 0.34948285617319774
vn -0.4074394206185821 -0.724514941714985 0.5559417395354715
vn -0.4074338775414925 -0.7245224889469596 0.5559359661342366
vn -0.4074359002396237 -0.11920390644119794 0.9054205740345675
vn -0.4074389479698161 -0.11919872755747439 0.9054198843773692
vn -0.40743590023962367 -0.9054205740345675 -0.11920390644119834
vn -0.4074389479698161 -0.9054198843773691 -0.11919872755747453
vn -0.40743951331267647 -0.8437172076470143 -0.34947720456684234
vn -0.4074357837204937 -0.8437163825681473 -0.34948354457711917
vn -0.4074387008557277 -0.9054193352349504 0.11920374334599375
vn -0.4074356531233845 -0.9054213417914933 0.11919891942636544
vn -0.40743951331267675 -0.34947720456684217 0.8437172076470143
vn -0.40743578372049377 -0.34948354457711905 0.8437163825681471
vn -0.4074343269874784 -0.5559431229556115 0.7245167446171429
vn -0.40743987004877297 -0.5559343386024134 0.7245203678692107
vn -0.40743432698747833 -0.7245167446171431 -0.5559431229556114
vn -0.40743987004877263 -0.7245203678692108 -0.5559343386024133
vn -0.40743987004877297 0.5559343386024134 -0.7245203678692107
vn -0.4074343269874781 0.555943122955612 -0.7245167446171428
vn -0.4074343269874783 -0.5559431229556118 -0.724516744617143
vn -0.40743987004877275 -0.5559343386024134 -0.7245203678692108
vn -0.40743608611439913 0.8437186202973074 0.34947778970256244
vn -0.40743981570512955 0.8437147206367765 0.3494828561731981
vn -0.4074398700487731 0.5559343386024133 0.7245203678692107
vn -0.40743432698747833 0.555943122955612 0.7245167446171428
vn -0.407438700855728 0.9054193352349503 0.11920374334599401
vn -0.40743565312338476 0.9054213417914931 0.11919891942636572
vn -0.40743578372049377 0.349483544577119 0.8437163825681471
vn -0.40743951331267675 0.34947720456684206 0.8437172076470142
vn -0.4074359002396235 -0.11920390644119797 -0.9054205740345675
vn -0.4074389479698159 -0.11919872755747443 -0.9054198843773692
vn -0.40743578372049366 0.3494835445771191 -0.8437163825681473
vn -0.4074395133126765 0.34947720456684206 -0.8437172076470142
vn -0.4074343269874781 0.7245167446171432 -0.5559431229556114
vn -0.4074398700487728 0.724520367869211 -0.5559343386024128
vn -0.40743590023962384 0.9054205740345674 -0.1192039064411986
vn -0.4074389479698164 0.905419884377369 -0.11919872755747482
vn -0.4074395133126765 -0.34947720456684217 -0.8437172076470143
vn -0.40743578372049366 -0.34948354457711905 -0.8437163825681473
vn -0.4074395133126766 0.8437172076470141 -0.34947720456684284
vn -0.4074357837204938 0.8437163825681471 -0.3494835445771195
vn -0.4074387008557274 0.11920374334599348 -0.9054193352349504
vn -0.40743565312338437 0.11919891942636543 -0.9054213417914933
vn -0.40743942061858224 0.724514941714985 0.5559417395354715
vn -0.4074338775414923 0.7245224889469599 0.5559359661342361
usemtl none
f 596/2989/997 595/2990/997 597/2991/997
f 595/2992/998 596/2993/998 598/2994/998
f 598/2995/999 596/2996/999 599/2997/999
f 598/2998/1000 599/2999/1000 600/3000/1000
f 600/3001/1001 599/3002/1001 601/3003/1001
f 600/3004/1002 601/3005/1002 602/3006/1002
f 602/3007/1003 601/3008/1003 603/3009/1003
f 602/3010/1004 603/3011/1004 604/3012/1004
f 604/3013/1005 603/3014/1005 605/3015/1005
f 604/3016/1006 605/3017/1006 606/3018/1006
f 606/3019/1007 605/3020/1007 607/3021/1007
f 606/3022/1008 607/3023/1008 608/3024/1008
f 608/3025/1009 607/3026/1009 609/3027/1009
f 608/3028/1010 609/3029/1010 610/3030/1010
f 610/3031/1011 609/3032/1011 611/3033/1011
f 610/3034/1012 611/3035/1012 612/3036/1012
f 612/3037/1013 611/3038/1013 613/3039/1013
f 612/3040/1014 613/3041/1014 614/3042/1014
f 614/3043/1015 613/3044/1015 615/3045/1015
f 614/3046/1016 615/3047/1016 616/3048/1016
f 616/3049/1017 615/3050/1017 617/3051/1017
f 616/3052/1018 617/3053/1018 618/3054/1018
f 612/3055/1019 619/3056/1019 620/3057/1019
f 621/3058/1020 612/3059/1020 620/3060/1020
f 619/3061/1021 612/3062/1021 614/3063/1021
f 612/3064/1022 621/3065/1022 610/3066/1022
f 614/3067/1023 622/3068/1023 619/3069/1023
f 623/3070/1024 610/3071/1024 621/3072/1024
f 622/3073/1025 614/3074/1025 616/3075/1025
f 610/3076/1026 623/3077/1026 608/3078/1026
f 624/3079/1027 608/3080/1027 623/3081/1027
f 608/3082/1028 624/3083/1028 606/3084/1028
f 625/3085/1029 606/3086/1029 624/3087/1029
f 606/3088/1030 625/3089/1030 604/3090/1030
f 626/3091/1031 604/3092/1031 625/3093/1031
f 604/3094/1032 626/3095/1032 602/3096/1032
f 627/3097/1033 602/3098/1033 626/3099/1033
f 602/3100/1034 627/3101/1034 600/3102/1034
f 628/3103/1035 600/3104/1035 627/3105/1035
f 600/3106/1036 628/3107/1036 598/3108/1036
f 629/3109/1037 598/3110/1037 628/3111/1037
f 598/3112/1038 629/3113/1038 595/3114/1038
f 630/3115/1039 595/3116/1039 629/3117/1039
f 595/3118/1040 630/3119/1040 597/3120/1040
f 630/3121/1041 596/3122/1041 597/3123/1041
f 596/3124/1042 630/3125/1042 631/3126/1042
f 631/3127/1043 599/3128/1043 596/3129/1043
f 599/3130/1044 631/3131/1044 632/3132/1044
f 632/3133/1045 601/3134/1045 599/3135/1045
f 601/3136/1046 632/3137/1046 633/3138/1046
f 633/3139/1047 603/3140/1047 601/3141/1047
f 603/3142/1048 633/3143/1048 634/3144/1048
f 635/3145/1049 603/3146/1049 634/3147/1049
f 603/3148/1050 635/3149/1050 605/3150/1050
f 635/3151/1051 607/3152/1051 605/3153/1051
f 607/3154/1052 635/3155/1052 636/3156/1052
f 637/3157/1053 607/3158/1053 636/3159/1053
f 607/3160/1054 637/3161/1054 609/3162/1054
f 637/3163/1055 611/3164/1055 609/3165/1055
f 611/3166/1056 637/3167/1056 638/3168/1056
f 639/3169/1057 611/3170/1057 638/3171/1057
f 611/3172/1058 639/3173/1058 613/3174/1058
f 640/3175/1059 613/3176/1059 639/3177/1059
f 613/3178/1060 640/3179/1060 615/3180/1060
f 641/3181/1061 615/3182/1061 640/3183/1061
f 615/3184/1062 641/3185/1062 617/3186/1062
f 642/3187/1063 617/3188/1063 641/3189/1063
f 617/3190/1064 642/3191/1064 618/3192/1064
f 642/3193/1065 616/3194/1065 618/3195/1065
f 616/3196/1066 642/3197/1066 622/3198/1066
f 644/3199/1067 643/3200/1067 645/3201/1067
f 643/3202/1068 644/3203/1068 646/3204/1068
f 646/3205/1069 644/3206/1069 647/3207/1069
f 646/3208/1070 647/3209/1070 648/3210/1070
f 648/3211/1071 647/3212/1071 649/3213/1071
f 648/3214/1072 649/3215/1072 650/3216/1072
f 651/3217/1073 648/3218/1073 650/3219/1073
f 650/3220/1074 649/3221/1074 652/3222/1074
f 648/3223/1075 651/3224/1075 653/3225/1075
f 653/3226/1076 651/3227/1076 654/3228/1076
f 653/3229/1077 654/3230/1077 655/3231/1077
f 652/3232/1078 649/3233/1078 656/3234/1078
f 652/3235/1079 656/3236/1079 657/3237/1079
f 657/3238/1080 656/3239/1080 633/3240/1080
f 653/3241/1081 655/3242/1081 658/3243/1081
f 658/3244/1082 655/3245/1082 626/3246/1082
f 658/3247/1083 626/3248/1083 659/3249/1083
f 658/3250/1084 659/3251/1084 660/3252/1084
f 660/3253/1085 659/3254/1085 661/3255/1085
f 633/3256/1086 656/3257/1086 662/3258/1086
f 633/3259/1087 662/3260/1087 663/3261/1087
f 663/3262/1088 662/3263/1088 635/3264/1088
f 660/3265/1089 661/3266/1089 664/3267/1089
f 664/3268/1090 661/3269/1090 665/3270/1090
f 664/3271/1091 665/3272/1091 621/3273/1091
f 635/3274/1092 662/3275/1092 666/3276/1092
f 635/3277/1093 666/3278/1093 667/3279/1093
f 667/3280/1094 666/3281/1094 637/3282/1094
f 637/3283/1095 666/3284/1095 668/3285/1095
f 637/3286/1096 668/3287/1096 669/3288/1096
f 664/3289/1097 621/3290/1097 670/3291/1097
f 670/3292/1098 621/3293/1098 671/3294/1098
f 670/3295/1099 671/3296/1099 672/3297/1099
f 669/3298/1100 668/3299/1100 673/3300/1100
f 669/3301/1101 673/3302/1101 639/3303/1101
f 639/3304/1102 673/3305/1102 674/3306/1102
f 670/3307/1103 672/3308/1103 675/3309/1103
f 674/3310/1104 673/3311/1104 676/3312/1104
f 675/3313/1105 672/3314/1105 677/3315/1105
f 674/3316/1106 676/3317/1106 678/3318/1106
f 675/3319/1107 677/3320/1107 679/3321/1107
f 678/3322/1108 676/3323/1108 679/3324/1108
f 679/3325/1109 676/3326/1109 675/3327/1109
f 675/3328/1110 676/3329/1110 680/3330/1110
f 680/3331/1111 676/3332/1111 681/3333/1111
f 680/3334/1112 681/3335/1112 682/3336/1112
f 682/3337/1113 681/3338/1113 683/3339/1113
f 682/3340/1114 683/3341/1114 684/3342/1114
f 686/3343/1115 685/3344/1115 687/3345/1115
f 685/3346/1116 686/3347/1116 688/3348/1116
f 690/3349/1117 689/3350/1117 691/3351/1117
f 689/3352/1118 690/3353/1118 692/3354/1118
f 694/3355/1119 693/3356/1119 695/3357/1119
f 693/3358/1120 694/3359/1120 696/3360/1120
f 692/3361/1121 697/3362/1121 689/3363/1121
f 697/3364/1122 692/3365/1122 698/3366/1122
f 700/3367/1123 699/3368/1123 701/3369/1123
f 699/3370/1124 700/3371/1124 702/3372/1124
f 704/3373/1125 703/3374/1125 705/3375/1125
f 703/3376/1126 704/3377/1126 706/3378/1126
f 708/3379/1127 707/3380/1127 709/3381/1127
f 707/3382/1128 708/3383/1128 710/3384/1128
f 712/3385/1129 711/3386/1129 713/3387/1129
f 711/3388/1130 712/3389/1130 714/3390/1130
f 716/3391/1131 715/3392/1131 717/3393/1131
f 715/3394/1132 716/3395/1132 718/3396/1132
f 719/3397/1133 691/3398/1133 720/3399/1133
f 691/3400/1134 719/3401/1134 690/3402/1134
f 721/3403/1135 704/3404/1135 722/3405/1135
f 704/3406/1136 721/3407/1136 706/3408/1136
f 706/3409/1137 723/3410/1137 703/3411/1137
f 723/3412/1138 706/3413/1138 698/3414/1138
f 725/3415/1139 724/3416/1139 718/3417/1139
f 724/3418/1140 725/3419/1140 726/3420/1140
f 727/3421/1141 701/3422/1141 693/3423/1141
f 701/3424/1142 727/3425/1142 700/3426/1142
f 696/3427/1143 727/3428/1143 693/3429/1143
f 727/3430/1144 696/3431/1144 728/3432/1144
f 697/3433/1145 706/3434/1145 721/3435/1145
f 706/3436/1146 697/3437/1146 698/3438/1146
f 713/3439/1147 729/3440/1147 730/3441/1147
f 729/3442/1148 713/3443/1148 711/3444/1148
f 731/3445/1149 719/3446/1149 710/3447/1149
f 719/3448/1150 731/3449/1150 732/3450/1150
f 688/3451/1151 733/3452/1151 685/3453/1151
f 733/3454/1152 688/3455/1152 734/3456/1152
f 735/3457/1153 718/3458/1153 716/3459/1153
f 718/3460/1154 735/3461/1154 725/3462/1154
f 730/3463/1155 728/3464/1155 696/3465/1155
f 728/3466/1156 730/3467/1156 729/3468/1156
f 710/3469/1157 720/3470/1157 707/3471/1157
f 720/3472/1158 710/3473/1158 719/3474/1158
f 736/3475/1159 710/3476/1159 708/3477/1159
f 710/3478/1160 736/3479/1160 731/3480/1160
f 738/3481/1161 737/3482/1161 739/3483/1161
f 737/3484/1162 738/3485/1162 740/3486/1162
f 740/3487/1163 708/3488/1163 737/3489/1163
f 708/3490/1164 740/3491/1164 736/3492/1164
f 686/3493/1165 716/3494/1165 688/3495/1165
f 716/3496/1166 686/3497/1166 735/3498/1166
f 718/3499/1167 741/3500/1167 715/3501/1167
f 741/3502/1168 718/3503/1168 724/3504/1168
f 737/3505/1169 709/3506/1169 742/3507/1169
f 709/3508/1170 737/3509/1170 708/3510/1170
f 744/3511/1171 743/3512/1171 745/3513/1171
f 743/3514/1172 744/3515/1172 746/3516/1172
f 739/3517/1173 742/3518/1173 747/3519/1173
f 742/3520/1174 739/3521/1174 737/3522/1174
f 688/3523/1175 717/3524/1175 734/3525/1175
f 717/3526/1176 688/3527/1176 716/3528/1176
f 701/3529/1177 695/3530/1177 693/3531/1177
f 695/3532/1178 701/3533/1178 748/3534/1178
f 749/3535/1179 730/3536/1179 750/3537/1179
f 730/3538/1180 749/3539/1180 713/3540/1180
f 751/3541/1181 692/3542/1181 690/3543/1181
f 692/3544/1182 751/3545/1182 752/3546/1182
f 752/3547/1183 698/3548/1183 692/3549/1183
f 698/3550/1184 752/3551/1184 723/3552/1184
f 753/3553/1185 713/3554/1185 749/3555/1185
f 713/3556/1186 753/3557/1186 712/3558/1186
f 754/3559/1187 739/3560/1187 746/3561/1187
f 739/3562/1188 754/3563/1188 738/3564/1188
f 685/3565/1189 714/3566/1189 712/3567/1189
f 714/3568/1190 685/3569/1190 733/3570/1190
f 699/3571/1191 748/3572/1191 701/3573/1191
f 748/3574/1192 699/3575/1192 755/3576/1192
f 725/3577/1193 722/3578/1193 726/3579/1193
f 722/3580/1194 725/3581/1194 721/3582/1194
f 721/3583/1195 725/3584/1195 735/3585/1195
f 721/3586/1196 735/3587/1196 697/3588/1196
f 697/3589/1197 735/3590/1197 756/3591/1197
f 686/3592/1198 756/3593/1198 735/3594/1198
f 697/3595/1199 756/3596/1199 757/3597/1199
f 756/3598/1200 686/3599/1200 758/3600/1200
f 697/3601/1201 757/3602/1201 689/3603/1201
f 758/3604/1202 686/3605/1202 687/3606/1202
f 689/3607/1203 757/3608/1203 759/3609/1203
f 689/3610/1204 759/3611/1204 648/3612/1204
f 689/3613/1205 648/3614/1205 653/3615/1205
f 689/3616/1206 653/3617/1206 691/3618/1206
f 691/3619/1207 653/3620/1207 760/3621/1207
f 691/3622/1208 760/3623/1208 720/3624/1208
f 720/3625/1209 760/3626/1209 761/3627/1209
f 758/3628/1210 687/3629/1210 647/3630/1210
f 647/3631/1211 687/3632/1211 649/3633/1211
f 649/3634/1212 687/3635/1212 656/3636/1212
f 656/3637/1213 687/3638/1213 753/3639/1213
f 656/3640/1214 753/3641/1214 662/3642/1214
f 720/3643/1215 761/3644/1215 707/3645/1215
f 707/3646/1216 761/3647/1216 762/3648/1216
f 707/3649/1217 762/3650/1217 670/3651/1217
f 707/3652/1218 670/3653/1218 709/3654/1218
f 709/3655/1219 670/3656/1219 675/3657/1219
f 662/3658/1220 753/3659/1220 749/3660/1220
f 662/3661/1221 749/3662/1221 763/3663/1221
f 763/3664/1222 749/3665/1222 668/3666/1222
f 668/3667/1223 749/3668/1223 750/3669/1223
f 668/3670/1224 750/3671/1224 673/3672/1224
f 673/3673/1225 750/3674/1225 694/3675/1225
f 673/3676/1226 694/3677/1226 676/3678/1226
f 709/3679/1227 675/3680/1227 742/3681/1227
f 676/3682/1228 694/3683/1228 695/3684/1228
f 742/3685/1229 675/3686/1229 764/3687/1229
f 742/3688/1230 764/3689/1230 765/3690/1230
f 676/3691/1231 695/3692/1231 681/3693/1231
f 681/3694/1232 695/3695/1232 766/3696/1232
f 742/3697/1233 765/3698/1233 767/3699/1233
f 766/3700/1234 695/3701/1234 767/3702/1234
f 742/3703/1235 767/3704/1235 747/3705/1235
f 767/3706/1236 695/3707/1236 748/3708/1236
f 767/3709/1237 748/3710/1237 747/3711/1237
f 747/3712/1238 748/3713/1238 743/3714/1238
f 743/3715/1239 748/3716/1239 755/3717/1239
f 743/3718/1240 755/3719/1240 745/3720/1240
f 702/3721/1241 744/3722/1241 699/3723/1241
f 744/3724/1242 702/3725/1242 768/3726/1242
f 746/3727/1243 747/3728/1243 743/3729/1243
f 747/3730/1244 746/3731/1244 739/3732/1244
f 744/3733/1245 755/3734/1245 699/3735/1245
f 755/3736/1246 744/3737/1246 745/3738/1246
f 732/3739/1247 690/3740/1247 719/3741/1247
f 690/3742/1248 732/3743/1248 751/3744/1248
f 687/3745/1249 712/3746/1249 753/3747/1249
f 712/3748/1250 687/3749/1250 685/3750/1250
f 768/3751/1251 746/3752/1251 744/3753/1251
f 746/3754/1252 768/3755/1252 754/3756/1252
f 724/3757/1253 705/3758/1253 741/3759/1253
f 705/3760/1254 724/3761/1254 704/3762/1254
f 726/3763/1255 704/3764/1255 724/3765/1255
f 704/3766/1256 726/3767/1256 722/3768/1256
f 750/3769/1257 696/3770/1257 694/3771/1257
f 696/3772/1258 750/3773/1258 730/3774/1258
f 770/3775/1259 769/3776/1259 771/3777/1259
f 769/3778/1260 770/3779/1260 772/3780/1260
f 769/3781/1261 772/3782/1261 773/3783/1261
f 773/3784/1262 772/3785/1262 774/3786/1262
f 774/3787/1263 772/3788/1263 775/3789/1263
f 774/3790/1264 775/3791/1264 776/3792/1264
f 776/3793/1265 775/3794/1265 777/3795/1265
f 776/3796/1266 777/3797/1266 778/3798/1266
f 778/3799/1267 777/3800/1267 779/3801/1267
f 778/3802/1268 779/3803/1268 780/3804/1268
f 780/3805/1269 779/3806/1269 781/3807/1269
f 780/3808/1270 781/3809/1270 782/3810/1270
f 782/3811/1271 781/3812/1271 783/3813/1271
f 782/3814/1272 783/3815/1272 784/3816/1272
f 784/3817/1273 783/3818/1273 785/3819/1273
f 784/3820/1274 785/3821/1274 786/3822/1274
f 786/3823/1275 785/3824/1275 787/3825/1275
f 786/3826/1276 787/3827/1276 788/3828/1276
f 788/3829/1277 787/3830/1277 789/3831/1277
f 788/3832/1278 789/3833/1278 790/3834/1278
f 790/3835/1279 789/3836/1279 791/3837/1279
f 790/3838/1280 791/3839/1280 792/3840/1280
f 741/3841/1281 770/3842/1281 771/3843/1281
f 770/3844/1282 741/3845/1282 705/3846/1282
f 733/3847/1283 778/3848/1283 714/3849/1283
f 778/3850/1284 733/3851/1284 776/3852/1284
f 734/3853/1285 776/3854/1285 733/3855/1285
f 776/3856/1286 734/3857/1286 774/3858/1286
f 741/3859/1287 769/3860/1287 715/3861/1287
f 769/3862/1288 741/3863/1288 771/3864/1288
f 711/3865/1289 782/3866/1289 729/3867/1289
f 782/3868/1290 711/3869/1290 780/3870/1290
f 729/3871/1291 784/3872/1291 728/3873/1291
f 784/3874/1292 729/3875/1292 782/3876/1292
f 714/3877/1293 780/3878/1293 711/3879/1293
f 780/3880/1294 714/3881/1294 778/3882/1294
f 715/3883/1295 773/3884/1295 717/3885/1295
f 773/3886/1296 715/3887/1296 769/3888/1296
f 717/3889/1297 774/3890/1297 734/3891/1297
f 774/3892/1298 717/3893/1298 773/3894/1298
f 728/3895/1299 786/3896/1299 727/3897/1299
f 786/3898/1300 728/3899/1300 784/3900/1300
f 787/3901/1301 738/3902/1301 789/3903/1301
f 738/3904/1302 787/3905/1302 740/3906/1302
f 786/3907/1303 700/3908/1303 727/3909/1303
f 700/3910/1304 786/3911/1304 788/3912/1304
f 779/3913/1305 752/3914/1305 751/3915/1305
f 752/3916/1306 779/3917/1306 777/3918/1306
f 703/3919/1307 775/3920/1307 772/3921/1307
f 775/3922/1308 703/3923/1308 723/3924/1308
f 781/3925/1309 751/3926/1309 732/3927/1309
f 751/3928/1310 781/3929/1310 779/3930/1310
f 705/3931/1311 772/3932/1311 770/3933/1311
f 772/3934/1312 705/3935/1312 703/3936/1312
f 790/3937/1313 768/3938/1313 702/3939/1313
f 768/3940/1314 790/3941/1314 792/3942/1314
f 789/3943/1315 754/3944/1315 791/3945/1315
f 754/3946/1316 789/3947/1316 738/3948/1316
f 787/3949/1317 736/3950/1317 740/3951/1317
f 736/3952/1318 787/3953/1318 785/3954/1318
f 783/3955/1319 732/3956/1319 731/3957/1319
f 732/3958/1320 783/3959/1320 781/3960/1320
f 788/3961/1321 702/3962/1321 700/3963/1321
f 702/3964/1322 788/3965/1322 790/3966/1322
f 785/3967/1323 731/3968/1323 736/3969/1323
f 731/3970/1324 785/3971/1324 783/3972/1324
f 792/3973/1325 754/3974/1325 768/3975/1325
f 754/3976/1326 792/3977/1326 791/3978/1326
f 777/3979/1327 723/3980/1327 752/3981/1327
f 723/3982/1328 777/3983/1328 775/3984/1328
o GrillSplitter
v 0.03125 0.65625 1.875
v 0.03125 0.65625 1.75
v 0.03125 0.46875 1.875
v 0.03125 0.46875 1.75
v -0.03125 0.65625 1.75
v -0.03125 0.65625 1.875
v -0.03125 0.46875 1.75
v -0.03125 0.46875 1.875
vt 0.1875 0.5625
vt 0.203125 0.5625
vt 0.203125 0.515625
vt 0.1875 0.515625
vt 0.1875 0.625
vt 0.21875 0.625
vt 0.21875 0.578125
vt 0.1875 0.578125
vt 0.21875 0.5625
vt 0.234375 0.5625
vt 0.234375 0.515625
vt 0.21875 0.515625
vt 0.234375 0.625
vt 0.265625 0.625
vt 0.265625 0.578125
vt 0.234375 0.578125
vt 0.390625 0.53125
vt 0.375 0.53125
vt 0.375 0.5625
vt 0.390625 0.5625
vt 0.421875 0.5625
vt 0.40625 0.5625
vt 0.40625 0.53125
vt 0.421875 0.53125
vn 0 0 -1
vn 1 0 0
vn 0 0 1
vn -1 0 0
vn 0 1 0
vn 0 -1 0
usemtl m_8b78522c-33f1-c297-411e-2a8ea54b33b1
f 796/3988/1329 799/3987/1329 797/3986/1329 794/3985/1329
f 795/3992/1330 796/3991/1330 794/3990/1330 793/3989/1330
f 800/3996/1331 795/3995/1331 793/3994/1331 798/3993/1331
f 799/4000/1332 800/3999/1332 798/3998/1332 797/3997/1332
f 798/4004/1333 793/4003/1333 794/4002/1333 797/4001/1333
f 799/4008/1334 796/4007/1334 795/4006/1334 800/4005/1334
o FrontBumper
v 1 0.4375 1.875
v 1 0.4375 1.5625
v 1 0.375 1.875
v 1 0.375 1.5625
v 0.875 0.4375 1.875
v 0.875 0.4375 1.5625
v 0.875 0.375 1.875
v 0.875 0.375 1.5625
v -1 0.375 1.875
v -0.875 0.4375 1.875
v -0.875 0.4375 1.5625
v -0.875 0.375 1.875
v -0.875 0.375 1.5625
v -1 0.4375 1.875
v -1 0.4375 1.5625
v -1 0.375 1.5625
v 1 0.4375 1.875
v 1 0.375 1.875
v 1 0.40625 1.9375
v -1 0.4375 1.875
v -1 0.375 1.875
v -1 0.40625 1.9375
v -0.34375 0.40625 1.9375
v -0.34375 0.453125 1.875
v -0.34375 0.359375 1.875
v -0.28125 0.40625 1.9375
v -0.28125 0.453125 1.875
v -0.28125 0.359375 1.875
v 0.34375 0.40625 1.9375
v 0.34375 0.453125 1.875
v 0.34375 0.359375 1.875
v 0.28125 0.40625 1.9375
v 0.28125 0.453125 1.875
v 0.28125 0.359375 1.875
vt 0.359375 0.609375
vt 0.359375 0.625
vt 0.28125 0.625
vt 0.28125 0.609375
vt 0.453125 0.609375
vt 0.453125 0.625
vt 0.375 0.625
vt 0.375 0.609375
vt 0.03125 0.546875
vt 0.03125 0.625
vt 0 0.625
vt 0 0.546875
vt 0.078125 0.546875
vt 0.078125 0.625
vt 0.046875 0.625
vt 0.046875 0.546875
vt 0.46875 0.546875
vt 0.46875 0.5625
vt 0.4375 0.5625
vt 0.4375 0.546875
vt 0.03125 0.515625
vt 0.03125 0.53125
vt 0 0.53125
vt 0 0.515625
vt 0.359375 0.578125
vt 0.359375 0.59375
vt 0.28125 0.59375
vt 0.28125 0.578125
vt 0.453125 0.578125
vt 0.453125 0.59375
vt 0.375 0.59375
vt 0.375 0.578125
vt 0.125 0.546875
vt 0.125 0.625
vt 0.09375 0.625
vt 0.09375 0.546875
vt 0.171875 0.546875
vt 0.171875 0.625
vt 0.140625 0.625
vt 0.140625 0.546875
vt 0.078125 0.515625
vt 0.078125 0.53125
vt 0.046875 0.53125
vt 0.046875 0.515625
vt 0.125 0.515625
vt 0.125 0.53125
vt 0.09375 0.53125
vt 0.09375 0.515625
vt 0.5 0.875
vt 0 0.875
vt 0 0.859375
vt 0.5 0.859375
vt 0.46185964053710854 0.53125
vt 0.44439035946289146 0.53125
vt 0.4548719281074217 0.5172745751406262
vt 0 0.84375
vt 0 0.828125
vt 0.5 0.828125
vt 0.5 0.84375
vt 0 0.8125
vt 0 0.796875
vt 0.5 0.796875
vt 0.5 0.8125
vt 0.5087346405371086 0.5641495751406262
vt 0.4982530718925783 0.578125
vt 0.49126535946289146 0.5641495751406262
vt 0.296875 0.51953125
vt 0.28125 0.53125
vt 0.28125 0.5078125
vt 0.15625 0.53125
vt 0.140625 0.53125
vt 0.140625 0.5
vt 0.15625 0.5
vt 0.484375 0.546875
vt 0.484375 0.53125
vt 0.5 0.53125
vt 0.5 0.546875
vt 0.484375 0.515625
vt 0.484375 0.5
vt 0.5 0.5
vt 0.5 0.515625
vt 0.328125 0.53125
vt 0.3125 0.51953125
vt 0.328125 0.5078125
vt 0.359375 0.53125
vt 0.34375 0.51953125
vt 0.359375 0.5078125
vt 0.265625 0.5
vt 0.265625 0.53125
vt 0.25 0.53125
vt 0.25 0.5
vt 0 0.484375
vt 0.015625 0.484375
vt 0.015625 0.5
vt 0 0.5
vt 0.5 0.984375
vt 0.515625 0.984375
vt 0.515625 1
vt 0.5 1
vt 0.484375 0.61328125
vt 0.46875 0.625
vt 0.46875 0.6015625
vn 1 0 0
vn -1 0 0
vn 0 1 0
vn 0 -1 0
vn 0 0 1
vn 0 0 -1
vn 1 0 0
vn -1 0 0
vn 0 1 0
vn 0 -1 0
vn 0 0 1
vn 0 0 -1
vn 0 0 -1
vn 1 0 0
vn 0 0.8944271909999161 0.44721359549995804
vn 0 -0.8944271909999161 0.44721359549995804
vn -1 0 0
vn -1 0 0
vn 0 0 -1
vn 0 0.8 0.6
vn 0 -0.8 0.6
vn 1 0 0
vn 1 0 0
vn 0 0 -1
vn 0 0.8 0.6
vn 0 -0.8 0.6
vn -1 0 0
usemtl m_8b78522c-33f1-c297-411e-2a8ea54b33b1
f 804/4009/1335 802/4010/1335 801/4011/1335 803/4012/1335
f 807/4013/1336 805/4014/1336 806/4015/1336 808/4016/1336
f 801/4017/1337 802/4018/1337 806/4019/1337 805/4020/1337
f 804/4021/1338 803/4022/1338 807/4023/1338 808/4024/1338
f 803/4025/1339 801/4026/1339 805/4027/1339 807/4028/1339
f 808/4029/1340 806/4030/1340 802/4031/1340 804/4032/1340
f 813/4033/1341 811/4034/1341 810/4035/1341 812/4036/1341
f 809/4037/1342 814/4038/1342 815/4039/1342 816/4040/1342
f 810/4041/1343 811/4042/1343 815/4043/1343 814/4044/1343
f 813/4045/1344 812/4046/1344 809/4047/1344 816/4048/1344
f 812/4049/1345 810/4050/1345 814/4051/1345 809/4052/1345
f 816/4053/1346 815/4054/1346 811/4055/1346 813/4056/1346
f 820/4057/1347 817/4058/1347 818/4059/1347 821/4060/1347
f 817/4061/1348 819/4062/1348 818/4063/1348
f 820/4064/1349 822/4065/1349 819/4066/1349 817/4067/1349
f 822/4068/1350 821/4069/1350 818/4070/1350 819/4071/1350
f 822/4072/1351 820/4073/1351 821/4074/1351
f 823/4075/1352 824/4076/1352 825/4077/1352
f 824/4078/1353 827/4079/1353 828/4080/1353 825/4081/1353
f 824/4082/1354 823/4083/1354 826/4084/1354 827/4085/1354
f 823/4086/1355 825/4087/1355 828/4088/1355 826/4089/1355
f 827/4090/1356 826/4091/1356 828/4092/1356
f 830/4093/1357 829/4094/1357 831/4095/1357
f 834/4096/1358 833/4097/1358 830/4098/1358 831/4099/1358
f 832/4100/1359 829/4101/1359 830/4102/1359 833/4103/1359
f 834/4104/1360 831/4105/1360 829/4106/1360 832/4107/1360
f 832/4108/1361 833/4109/1361 834/4110/1361
o RearBumper
v 0.96875 0.515625 -2.3125
v 0.96875 0.515625 -2.5
v 0.96875 0.453125 -2.3125
v 0.96875 0.453125 -2.5
v -0.96875 0.515625 -2.3125
v -0.96875 0.515625 -2.5
v -0.96875 0.453125 -2.3125
v -0.96875 0.453125 -2.5
v 0.96875 0.453125 -2.494791875
v 0.96875 0.515625 -2.494791875
v 0.96875 0.484375 -2.557291875
v -0.96875 0.453125 -2.494791875
v -0.96875 0.515625 -2.494791875
v -0.96875 0.484375 -2.557291875
vt 0.296875 0.546875
vt 0.296875 0.5625
vt 0.25 0.5625
vt 0.25 0.546875
vt 0.359375 0.546875
vt 0.359375 0.5625
vt 0.3125 0.5625
vt 0.3125 0.546875
vt 0.484375 0.953125
vt 0.484375 1
vt 0 1
vt 0 0.953125
vt 0.484375 0.890625
vt 0.484375 0.9375
vt 0 0.9375
vt 0 0.890625
vt 0.484375 0.765625
vt 0.484375 0.78125
vt 0 0.78125
vt 0 0.765625
vt 0.484375 0.734375
vt 0.484375 0.75
vt 0 0.75
vt 0 0.734375
vt 0 0.703125
vt 0.484375 0.703125
vt 0.484375 0.71875
vt 0 0.71875
vt 0.38189035946289146 0.5016495751406262
vt 0.39935964053710854 0.5016495751406262
vt 0.3888780718925783 0.515625
vt 0.484375 0.671875
vt 0.484375 0.6875
vt 0 0.6875
vt 0 0.671875
vt 0.484375 0.640625
vt 0.484375 0.65625
vt 0 0.65625
vt 0 0.640625
vt 0.038140359462891446 0.5
vt 0.04862192810742171 0.48602457514062636
vt 0.055609640537108554 0.5
vn 1 0 0
vn -1 0 0
vn 0 1 0
vn 0 -1 0
vn 0 0 1
vn 0 0 -1
vn 0 0 1
vn 1 0 0
vn 0 -0.894427190999916 -0.447213595499958
vn 0 0.894427190999916 -0.447213595499958
vn -1 0 0
usemtl m_8b78522c-33f1-c297-411e-2a8ea54b33b1
f 838/4111/1362 836/4112/1362 835/4113/1362 837/4114/1362
f 841/4115/1363 839/4116/1363 840/4117/1363 842/4118/1363
f 835/4119/1364 836/4120/1364 840/4121/1364 839/4122/1364
f 838/4123/1365 837/4124/1365 841/4125/1365 842/4126/1365
f 837/4127/1366 835/4128/1366 839/4129/1366 841/4130/1366
f 842/4131/1367 840/4132/1367 836/4133/1367 838/4134/1367
f 846/4135/1368 843/4136/1368 844/4137/1368 847/4138/1368
f 843/4139/1369 845/4140/1369 844/4141/1369
f 846/4142/1370 848/4143/1370 845/4144/1370 843/4145/1370
f 848/4146/1371 847/4147/1371 844/4148/1371 845/4149/1371
f 848/4150/1372 846/4151/1372 847/4152/1372
o RearLicense
v 0.125 0.71875 -2.375
v 0.125 0.71875 -2.5
v 0.125 0.59375 -2.375
v 0.125 0.59375 -2.5
v -0.125 0.71875 -2.5
v -0.125 0.71875 -2.375
v -0.125 0.59375 -2.5
v -0.125 0.59375 -2.375
vt 0.015625 0.984375
vt 0.046875 0.984375
vt 0.046875 0.953125
vt 0.015625 0.953125
vt 0.078125 0.984375
vt 0.109375 0.984375
vt 0.109375 0.953125
vt 0.078125 0.953125
vt 0.140625 0.984375
vt 0.171875 0.984375
vt 0.171875 0.953125
vt 0.140625 0.953125
vt 0.203125 0.984375
vt 0.234375 0.984375
vt 0.234375 0.953125
vt 0.203125 0.953125
vt 0.265625 0.984375
vt 0.296875 0.984375
vt 0.296875 0.953125
vt 0.265625 0.953125
vt 0.328125 0.984375
vt 0.359375 0.984375
vt 0.359375 0.953125
vt 0.328125 0.953125
vn 0 0 -1
vn 1 0 0
vn 0 0 1
vn -1 0 0
vn 0 1 0
vn 0 -1 0
usemtl m_73396ea7-161e-8136-7908-2d23021d5aee
f 852/4156/1373 855/4155/1373 853/4154/1373 850/4153/1373
f 851/4160/1374 852/4159/1374 850/4158/1374 849/4157/1374
f 856/4164/1375 851/4163/1375 849/4162/1375 854/4161/1375
f 855/4168/1376 856/4167/1376 854/4166/1376 853/4165/1376
f 854/4172/1377 849/4171/1377 850/4170/1377 853/4169/1377
f 855/4176/1378 852/4175/1378 851/4174/1378 856/4173/1378
o HoodShaker
v 0.25 0.8125 1.3125
v 0.25 0.8125 0.9375
v 0.25 0.75 1.3125
v 0.25 0.75 0.9375
v -0.25 0.8125 0.9375
v -0.25 0.8125 1.3125
v -0.25 0.75 0.9375
v -0.25 0.75 1.3125
vt 0.015625 0.984375
vt 0.046875 0.984375
vt 0.046875 0.953125
vt 0.015625 0.953125
vt 0.078125 0.984375
vt 0.109375 0.984375
vt 0.109375 0.953125
vt 0.078125 0.953125
vt 0.140625 0.984375
vt 0.171875 0.984375
vt 0.171875 0.953125
vt 0.140625 0.953125
vt 0.203125 0.984375
vt 0.234375 0.984375
vt 0.234375 0.953125
vt 0.203125 0.953125
vt 0.265625 0.984375
vt 0.296875 0.984375
vt 0.296875 0.953125
vt 0.265625 0.953125
vt 0.328125 0.984375
vt 0.359375 0.984375
vt 0.359375 0.953125
vt 0.328125 0.953125
vn 0 0 -1
vn 1 0 0
vn 0 0 1
vn -1 0 0
vn 0 1 0
vn 0 -1 0
usemtl m_d8d34d1f-43bb-d45d-5be1-29798e57a44a
f 860/4180/1379 863/4179/1379 861/4178/1379 858/4177/1379
f 859/4184/1380 860/4183/1380 858/4182/1380 857/4181/1380
f 864/4188/1381 859/4187/1381 857/4186/1381 862/4185/1381
f 863/4192/1382 864/4191/1382 862/4190/1382 861/4189/1382
f 862/4196/1383 857/4195/1383 858/4194/1383 861/4193/1383
f 863/4200/1384 860/4199/1384 859/4198/1384 864/4197/1384
o Body
v 1.0625 0.8125 0.5
v 1.125 0.8125 0.4375
v 1.0625 0.75 0.5
v 1.125 0.75 0.4375
v 1 0.8125 0.5
v 1 0.8125 0.4375
v 1 0.75 0.5
v 1 0.75 0.4375
v 1.25 0.875 0.4375
v 1.25 0.875 0.375
v 1.25 0.75 0.4375
v 1.25 0.75 0.375
v 1.0625 0.875 0.5
v 1.0625 0.875 0.375
v 1.0625 0.75 0.5
v 1.0625 0.75 0.375
v 1 0.8125 -1.125
v 1 0.875 -1.6875
v 1 0.1875 -1.125
v 1 0.3125 -2.1875
v 0.9375 0.822775 -2.499149375
v 0.9375 0.447775 -2.499149375
v 1 0.644855625 -1.8920725
v 1 0.2901225 -1.99729375
v 1 0.6412475 -1.37805375
v 1 0.201614375 -1.2449725
v 0.5 0.201614375 -1.2449725
v 0.5 0.2901225 -1.99729375
v 0.5 0.6412475 -1.37805375
v 0.5 0.644855625 -1.8920725
v 1 1.1875 -1.125
v 1 1.1875 -0.125
v 1 0.8125 -0.125
v 1 0.1875 -0.125
v 1 0.8125 0.5
v 1 0.1875 0.5
v 1 0.75 1.5625
v 1 0.25 1.5625
v 0.9375 0.6875 1.875
v 0.9375 0.3125 1.875
v 1 0.625 1.403890625
v 1 0.625 0.9375
v 1 0.1875 0.8125
v 0.5 0.25 1.5625
v 0.5 0.1875 0.8125
v 0.5 0.625 1.403890625
v 0.5 0.625 0.9375
v 0.90625 0.65625 1.875
v 0.90625 0.46875 1.875
v 0.90625 0.65625 1.84375
v 0.90625 0.46875 1.84375
v 0.887685625 0.78125 -2.499149375
v 0.89804125 0.53125 -2.499149375
v 0.887685625 0.78125 -2.46875
v 0.89804125 0.53125 -2.46875
v -1 0.8125 -1.125
v -1 0.875 -1.6875
v -1 0.1875 -1.125
v -1 0.3125 -2.1875
v -0.9375 0.822775 -2.499149375
v -0.9375 0.447775 -2.499149375
v -1 0.644855625 -1.8920725
v -1 0.2901225 -1.99729375
v -1 0.6412475 -1.37805375
v -1 0.201614375 -1.2449725
v -0.5 0.201614375 -1.2449725
v -0.5 0.2901225 -1.99729375
v -0.5 0.6412475 -1.37805375
v -0.5 0.644855625 -1.8920725
v -1 1.1875 -1.125
v -1 1.1875 -0.125
v -1 0.8125 -0.125
v -1 0.1875 -0.125
v -1 0.8125 0.5
v -1 0.1875 0.5
v -1 0.75 1.5625
v -1 0.25 1.5625
v -0.9375 0.6875 1.875
v -0.9375 0.3125 1.875
v -1 0.625 1.403890625
v -1 0.625 0.9375
v -1 0.1875 0.8125
v -0.5 0.25 1.5625
v -0.5 0.1875 0.8125
v -0.5 0.625 1.403890625
v -0.5 0.625 0.9375
v -0.90625 0.65625 1.875
v -0.90625 0.46875 1.875
v -0.90625 0.65625 1.84375
v -0.90625 0.46875 1.84375
v -0.887685625 0.78125 -2.499149375
v -0.8980412499999999 0.53125 -2.499149375
v -0.887685625 0.78125 -2.46875
v -0.8980412499999999 0.53125 -2.46875
v -1.0625 0.8125 0.5
v -1.125 0.8125 0.4375
v -1.0625 0.75 0.5
v -1.125 0.75 0.4375
v -1 0.8125 0.5
v -1 0.8125 0.4375
v -1 0.75 0.5
v -1 0.75 0.4375
v -1.25 0.875 0.4375
v -1.25 0.875 0.375
v -1.25 0.75 0.4375
v -1.25 0.75 0.375
v -1.0625 0.875 0.5
v -1.0625 0.875 0.375
v -1.0625 0.75 0.5
v -1.0625 0.75 0.375
vt 0.3671875 0.8984375
vt 0.359375 0.8984375
vt 0.359375 0.890625
vt 0.3671875 0.890625
vt 0.2890625 0.7421875
vt 0.2890625 0.75
vt 0.28125 0.75
vt 0.28125 0.7421875
vt 0.2578125 0.7421875
vt 0.265625 0.7421875
vt 0.2734375 0.75
vt 0.2578125 0.75
vt 0.3046875 0.8359375
vt 0.296875 0.84375
vt 0.2890625 0.84375
vt 0.2890625 0.8359375
vt 0.359375 0.8515625
vt 0.359375 0.859375
vt 0.3515625 0.859375
vt 0.3515625 0.8515625
vt 0.328125 0.84375
vt 0.3125 0.84375
vt 0.3125 0.8359375
vt 0.328125 0.8359375
vt 0.34375 0.7578125
vt 0.3359375 0.7578125
vt 0.3359375 0.7421875
vt 0.34375 0.7421875
vt 0.3359375 0.9609375
vt 0.3359375 0.9765625
vt 0.3203125 0.9765625
vt 0.3203125 0.9609375
vt 0.2578125 0.984375
vt 0.28125 0.9921875
vt 0.28125 1
vt 0.2578125 1
vt 0.28125 0.9609375
vt 0.28125 0.96875
vt 0.2578125 0.9765625
vt 0.2578125 0.9609375
vt 0.3125 0.8515625
vt 0.3125 0.8671875
vt 0.2890625 0.8671875
vt 0.2890625 0.8515625
vt 0.28125 0.875
vt 0.2578125 0.875
vt 0.2578125 0.859375
vt 0.28125 0.859375
vt 0.2421875 1
vt 0.0078125 1
vt 0 0.898334375
vt 0.25 0.898334375
vt 0.7578125 0.42578281250000005
vt 0.5234375 0.42578281250000005
vt 0.515625 0.38331484375
vt 0.765625 0.38331484375
vt 0.515625 0.38331484375
vt 0.515625 0.359375
vt 0.765625 0.359375
vt 0.765625 0.38331484375
vt 0.1328125 0.3515625
vt 0.1328125 0.2578125
vt 0.2578125 0.2578125
vt 0.2578125 0.3515625
vt 0.25 0.81789921875
vt 0.25 0.898334375
vt 0 0.8983343750000001
vt 0 0.81789921875
vt 0 0.69289921875
vt 0.25 0.69289921875
vt 0.25 0.81789921875
vt 0 0.81789921875
vt 0.5078125 0.484375
vt 0.2578125 0.484375
vt 0.2578125 0.359375
vt 0.5078125 0.359375
vt 0.515625 0.609375
vt 0.765625 0.609375
vt 0.765625 0.734375
vt 0.515625 0.734375
vt 0.5078125 0.6171875
vt 0.2578125 0.6171875
vt 0.2578125 0.4921875
vt 0.5078125 0.4921875
vt 0.765625 0.6015625
vt 0.515625 0.6015625
vt 0.515625 0.5234375
vt 0.765625 0.5234375
vt 0 0.69289921875
vt 0 0.601790625
vt 0.25 0.601790625
vt 0.25 0.69289921875
vt 0.515625 0.4375
vt 0.765625 0.4375
vt 0.765625 0.515625
vt 0.515625 0.515625
vt 0.5078125 0.6953125
vt 0.2578125 0.6953125
vt 0.2578125 0.6171875
vt 0.5078125 0.6171875
vt 0 0.4607078124999999
vt 0.25 0.4607078124999999
vt 0.25 0.59375
vt 0 0.59375
vt 0.0078125 0.420871875
vt 0.2421875 0.420871875
vt 0.25 0.4607078124999999
vt 0 0.4607078124999999
vt 0.6484375 0.828125
vt 0.8984375 0.828125
vt 0.890625 0.8671875
vt 0.65625 0.8671875
vt 0.2578125 0.734375
vt 0.2578125 0.6953125
vt 0.5078125 0.6953125
vt 0.5078125 0.734375
vt 0 0.3125
vt 0.125 0.3125
vt 0.125 0.40625
vt 0 0.40625
vt 0.73828125 0.34765625
vt 0.7421875 0.3515625
vt 0.5078125 0.3515625
vt 0.51171875 0.34765625
vt 0.5078125 0.3046875
vt 0.7421875 0.3046875
vt 0.73828125 0.32421875
vt 0.51171875 0.32421875
vt 0.9296875 1
vt 0.703125 1
vt 0.703125 0.9765625
vt 0.9296875 0.9765625
vt 0.7734375 0.6640625
vt 1 0.6640625
vt 1 0.671875
vt 0.7734375 0.671875
vt 1 0.65625
vt 0.7734375 0.65625
vt 0.7734375 0.6484375
vt 1 0.6484375
vt 0.4937734375 0.346371875
vt 0.5 0.3515625
vt 0.265625 0.3515625
vt 0.2718515625 0.346371875
vt 0.265625 0.3046875
vt 0.5 0.3046874999999999
vt 0.49506796875 0.3151218749999999
vt 0.27055703124999997 0.315121875
vt 0.5101328125 0.296875
vt 0.50883828125 0.265625
vt 0.7333492187499999 0.265625
vt 0.7320546875 0.296875
vt 0.7672417050474755 0.8907151951820502
vt 0.8069308936036372 0.9077230610448372
vt 0.8068146325459806 0.9545979168671912
vt 0.7309309636773783 0.9321697947335029
vt 0.7053593228881165 0.9609375
vt 0.7309309636773783 0.9321697947335029
vt 0.8071336458618834 0.9546922042114646
vt 0.6666788541381166 0.93171875
vt 0.6350468228881165 0.953125
vt 0.6350468228881165 0.875
vt 0.6500436978881166 0.8767640624999999
vt 0.7053593228881165 0.9609375
vt 0.6350468228881165 0.953125
vt 0.6666788541381166 0.93171875
vt 0.7309311978881166 0.93216953125
vt 0.7672417050474755 0.8907151951820502
vt 0.7306173843100745 0.9325277964324129
vt 0.7434461686572552 0.8880916990956842
vt 0.0244263859175491 0.3046875
vt 0.001483891741005508 0.25
vt 0.09617235825899449 0.25
vt 0.08829126895054505 0.29762750026308316
vt 0.0625 0.1875
vt 0.0625 0.2421875
vt 0 0.2421875
vt 0 0.1875
vt 0.1328125 0.40625
vt 0.1328125 0.359375
vt 0.1953125 0.359375
vt 0.1953125 0.40625
vt 0.5625 0.1953125
vt 0.5625 0.2578125
vt 0.5 0.2578125
vt 0.5 0.1953125
vt 0.6350468228881165 1
vt 0.6350468228881165 0.953125
vt 0.7053593228881165 0.9609375
vt 0.5100468228881165 1
vt 0.5100468228881165 0.953125
vt 0.6350468228881165 0.953125
vt 0.6350468228881165 1
vt 0.5100468228881165 0.953125
vt 0.5100468228881165 0.875
vt 0.6350468228881165 0.875
vt 0.6350468228881165 0.953125
vt 0.4319218228881166 0.953125
vt 0.5100468228881165 0.953125
vt 0.5100468228881165 1
vt 0.4319218228881166 0.953125
vt 0.4319218228881166 0.875
vt 0.5100468228881165 0.875
vt 0.5100468228881165 0.953125
vt 0.2592726041381166 0.9375
vt 0.2592726041381166 0.890625
vt 0.2991093228881166 0.8828125
vt 0.2991093228881166 0.9453125
vt 0.2991093228881166 0.9453125
vt 0.2991093228881166 0.8828125
vt 0.31893588538811657 0.9296875
vt 0.4241028335487403 0.27319718010819205
vt 0.3757432447343489 0.2890625
vt 0.3757432447343489 0.19498754235318527
vt 0.4289442552656511 0.21510011950526287
vt 0.3772343228881166 0.9296875
vt 0.3928593228881166 0.875
vt 0.4319218228881166 0.875
vt 0.4319218228881166 0.953125
vt 0.3772343228881166 0.9296875
vt 0.4319218228881166 0.953125
vt 0.2991093228881166 0.9453125
vt 0.31893588538811657 0.9296875
vt 0.3125 0.171875
vt 0.3125 0.2265625
vt 0.25 0.2265625
vt 0.25 0.171875
vt 0.109375 0.25
vt 0.109375 0.1953125
vt 0.171875 0.1953125
vt 0.171875 0.25
vt 0.640625 0.2578125
vt 0.640625 0.203125
vt 0.703125 0.203125
vt 0.703125 0.2578125
vt 0.73828125 0.32421875
vt 0.7421875 0.3046875
vt 0.7421875 0.3515625
vt 0.73828125 0.34765625
vt 0.34375 0.9140625
vt 0.34375 0.890625
vt 0.3515625 0.890625
vt 0.3515625 0.9140625
vt 0.265625 0.3515625
vt 0.265625 0.3046875
vt 0.27055703124999997 0.315121875
vt 0.2718515625 0.346371875
vt 0.34375 0.8515625
vt 0.34375 0.8828125
vt 0.3359375 0.8828125
vt 0.3359375 0.8515625
vt 0.7734375 0.6328125
vt 1 0.6328125
vt 1 0.640625
vt 0.7734375 0.640625
vt 0.9921875 0.625
vt 0.7734375 0.625
vt 0.7734375 0.6171875
vt 0.9921875 0.6171875
vt 0.2595912890678313 0.8217856293776165
vt 0.25947489793647865 0.7749107738780574
vt 0.2991648205447133 0.7579027959413965
vt 0.3354756769476217 0.7993572947335029
vt 0.3354756769476217 0.7993572947335029
vt 0.36104731773688337 0.828125
vt 0.25927299476311666 0.8218797042114646
vt 0.43135981773688337 0.7421875
vt 0.43135981773688337 0.8203125
vt 0.39972778648688334 0.7989062499999999
vt 0.41636294273688335 0.7439515624999999
vt 0.39972778648688334 0.7989062499999999
vt 0.43135981773688337 0.8203125
vt 0.36104731773688337 0.828125
vt 0.33547544273688334 0.79935703125
vt 0.33578925730834824 0.7997152955622557
vt 0.2991648205447133 0.7579027959413965
vt 0.32296034965486575 0.755279233824472
vt 0.4385265120054657 0.2890625
vt 0.4385265120054657 0.194374033482011
vt 0.4911609879945343 0.21731652765855458
vt 0.4841009882576175 0.28118141069155056
vt 0.7734375 0.234375
vt 0.7109375 0.234375
vt 0.7109375 0.1796875
vt 0.7734375 0.1796875
vt 0.75 0.3046875
vt 0.8125 0.3046875
vt 0.8125 0.3515625
vt 0.75 0.3515625
vt 0.6328125 0.2578125
vt 0.5703125 0.2578125
vt 0.5703125 0.1953125
vt 0.6328125 0.1953125
vt 0.43135981773688337 0.8203125
vt 0.43135981773688337 0.8671875
vt 0.36104731773688337 0.828125
vt 0.43135981773688337 0.8203125
vt 0.5563598177368834 0.8203125
vt 0.5563598177368834 0.8671875
vt 0.43135981773688337 0.8671875
vt 0.43135981773688337 0.7421875
vt 0.5563598177368834 0.7421875
vt 0.5563598177368834 0.8203125
vt 0.43135981773688337 0.8203125
vt 0.5563598177368834 0.8203125
vt 0.6344848177368834 0.8203125
vt 0.5563598177368834 0.8671875
vt 0.5563598177368834 0.7421875
vt 0.6344848177368834 0.7421875
vt 0.6344848177368834 0.8203125
vt 0.5563598177368834 0.8203125
vt 0.7672973177368834 0.75
vt 0.8071332552368833 0.7578125
vt 0.8071332552368833 0.8046875
vt 0.7672973177368834 0.8125
vt 0.7672973177368834 0.75
vt 0.7672973177368834 0.8125
vt 0.7474707552368833 0.796875
vt 0.2674156461765926 0.234375
vt 0.36149060382340736 0.234375
vt 0.3456252839315995 0.2842210782830892
vt 0.2875282233286703 0.2890625
vt 0.6344848177368834 0.7421875
vt 0.6735473177368834 0.7421875
vt 0.6891723177368834 0.796875
vt 0.6344848177368834 0.8203125
vt 0.7672973177368834 0.8125
vt 0.6344848177368834 0.8203125
vt 0.6891723177368834 0.796875
vt 0.7474707552368833 0.796875
vt 0.8359375 0.734375
vt 0.7734375 0.734375
vt 0.7734375 0.6796875
vt 0.8359375 0.6796875
vt 0.1796875 0.1953125
vt 0.2421875 0.1953125
vt 0.2421875 0.25
vt 0.1796875 0.25
vt 0.7421875 0.2421875
vt 0.8046875 0.2421875
vt 0.8046875 0.296875
vt 0.7421875 0.296875
vt 0.5078125 0.3515625
vt 0.5078125 0.3046875
vt 0.51171875 0.32421875
vt 0.51171875 0.34765625
vt 0.34375 0.765625
vt 0.3515625 0.765625
vt 0.3515625 0.7890625
vt 0.34375 0.7890625
vt 0.49506796875 0.315121875
vt 0.5 0.3046875
vt 0.5 0.3515625
vt 0.4937734375 0.346371875
vt 0.328125 0.8828125
vt 0.3203125 0.8828125
vt 0.3203125 0.8515625
vt 0.328125 0.8515625
vt 0.3671875 0.78125
vt 0.3671875 0.7890625
vt 0.359375 0.7890625
vt 0.359375 0.78125
vt 0.359375 0.7578125
vt 0.3515625 0.7578125
vt 0.3515625 0.75
vt 0.359375 0.75
vt 0.3359375 0.84375
vt 0.34375 0.8359375
vt 0.3515625 0.8359375
vt 0.3515625 0.84375
vt 0.359375 0.9765625
vt 0.3515625 0.9765625
vt 0.34375 0.96875
vt 0.359375 0.96875
vt 0.3671875 0.9140625
vt 0.359375 0.9140625
vt 0.359375 0.90625
vt 0.3671875 0.90625
vt 0.3671875 0.9921875
vt 0.3671875 1
vt 0.3515625 1
vt 0.3515625 0.9921875
vt 0.359375 0.8671875
vt 0.359375 0.8828125
vt 0.3515625 0.8828125
vt 0.3515625 0.8671875
vt 0.3359375 0.90625
vt 0.3203125 0.90625
vt 0.3203125 0.890625
vt 0.3359375 0.890625
vt 0.2578125 0.8515625
vt 0.2578125 0.84375
vt 0.28125 0.8359375
vt 0.28125 0.8515625
vt 0.3125 1
vt 0.2890625 0.9921875
vt 0.2890625 0.984375
vt 0.3125 0.984375
vt 0.34375 1
vt 0.3203125 1
vt 0.3203125 0.984375
vt 0.34375 0.984375
vt 0.3125 0.9609375
vt 0.3125 0.9765625
vt 0.2890625 0.9765625
vt 0.2890625 0.9609375
vn 0.7071067811865476 0 0.7071067811865476
vn -1 0 0
vn 0 1 0
vn 0 -1 0
vn 0 0 1
vn 0 0 -1
vn 1 0 0
vn -1 0 0
vn 0 1 0
vn 0 -1 0
vn 0.316227766016838 0 0.948683298050514
vn 0 0 -1
vn 0 0.9979363122252631 -0.06421150007780682
vn 0 -0.9173117595148877 -0.3981697324705895
vn 0 -0.9931504261155949 -0.11684276231933352
vn 0 -0.9931506437460524 -0.11684091246991371
vn 0 0.8741572761215379 -0.48564293117863216
vn 0 1 0
vn 0 -1 0
vn 0 1 0
vn 0 -1 0
vn 0 -1 0
vn 0 0.8574929257125443 0.5144957554275266
vn 0 1 0
vn 0 -1 0
vn 0 0.998274373174996 0.05872202195147036
vn 0 0.9805806756909203 0.1961161351381841
vn 0 0.9805806756909202 -0.19611613513818404
vn 0 -1 0
vn 0 -0.9965457582448798 0.08304547985373999
vn 0 0 1
vn 0 0 1
vn 0 0 1
vn 0 -1 0
vn 0 1 0
vn 0 0 -1
vn 0 0 -1
vn 0 0 -1
vn 0.9804776120039163 0 -0.19663075130583774
vn 0.9940821603373617 0.07217034438260585 -0.081191747676103
vn 1 0 0
vn 1 0 0
vn 1 0 0
vn 1 0 0
vn 0 -0.28972641517321746 -0.9571095048900499
vn 0 -0.2843743811657479 0.9587133102948963
vn 0 -0.9999753646246904 -0.007019269457556685
vn 1 0 0
vn 1 0 0
vn 1 0 0
vn 1 0 0
vn 1 0 0
vn 0.9805806756909203 0 0.19611613513818407
vn 1 0 0
vn 1 0 0
vn 1 0 0
vn 1 0 0
vn 0 -0.3895473489453847 -0.9210064402215777
vn 0 -0.27472112789737807 0.9615239476408232
vn 0 -1 0
vn 0 0 1
vn -1 0 0
vn 0 0 -1
vn -0.9991431906895211 -0.041387008816336605 0
vn 0 1 0
vn 0 -1 0
vn -0.9804776120039163 0 -0.19663075130583776
vn -0.9940821603373617 0.07217034438260585 -0.081191747676103
vn -1 0 0
vn -1 0 0
vn -1 0 0
vn -1 0 0
vn 0 -0.28972641517321746 -0.9571095048900499
vn 0 -0.2843743811657479 0.9587133102948963
vn 0 -0.9999753646246904 -0.007019269457556685
vn -1 0 0
vn -1 0 0
vn -1 0 0
vn -1 0 0
vn -1 0 0
vn -0.9805806756909203 0 0.19611613513818407
vn -1 0 0
vn -1 0 0
vn -1 0 0
vn -1 0 0
vn 0 -0.3895473489453847 -0.9210064402215777
vn 0 -0.27472112789737807 0.9615239476408232
vn 0 -1 0
vn 0 0 1
vn 1 0 0
vn 0 0 -1
vn 0.9991431906895211 -0.04138700881633616 0
vn -0.7071067811865476 0 0.7071067811865476
vn 1 0 0
vn 0 1 0
vn 0 -1 0
vn 0 0 1
vn 0 0 -1
vn -1 0 0
vn 1 0 0
vn 0 1 0
vn 0 -1 0
vn -0.316227766016838 0 0.948683298050514
vn 0 0 -1
usemtl m_2e16122c-7f56-ef9b-e3bf-c6ac1a14ecb7
f 866/4201/1385 865/4202/1385 867/4203/1385 868/4204/1385
f 871/4205/1386 869/4206/1386 870/4207/1386 872/4208/1386
f 869/4209/1387 865/4210/1387 866/4211/1387 870/4212/1387
f 868/4213/1388 867/4214/1388 871/4215/1388 872/4216/1388
f 867/4217/1389 865/4218/1389 869/4219/1389 871/4220/1389
f 870/4221/1390 866/4222/1390 868/4223/1390 872/4224/1390
f 874/4225/1391 873/4226/1391 875/4227/1391 876/4228/1391
f 879/4229/1392 877/4230/1392 878/4231/1392 880/4232/1392
f 877/4233/1393 873/4234/1393 874/4235/1393 878/4236/1393
f 876/4237/1394 875/4238/1394 879/4239/1394 880/4240/1394
f 875/4241/1395 873/4242/1395 877/4243/1395 879/4244/1395
f 878/4245/1396 874/4246/1396 876/4247/1396 880/4248/1396
f 885/4249/1397 924/4250/1397 921/4251/1397 882/4252/1397
f 925/4253/1398 886/4254/1398 884/4255/1398 923/4256/1398
f 884/4257/1399 888/4258/1399 927/4259/1399 923/4260/1399
f 892/4261/1400 891/4262/1400 930/4263/1400 931/4264/1400
f 895/4265/1401 882/4266/1401 921/4267/1401 934/4268/1401
f 935/4269/1402 896/4270/1402 895/4271/1402 934/4272/1402
f 897/4273/1403 936/4274/1403 920/4275/1403 881/4276/1403
f 936/4277/1404 897/4278/1404 881/4279/1404 920/4280/1404
f 898/4281/1405 937/4282/1405 922/4283/1405 883/4284/1405
f 899/4285/1406 938/4286/1406 936/4287/1406 897/4288/1406
f 935/4289/1407 938/4290/1407 899/4291/1407 896/4292/1407
f 938/4293/1408 899/4294/1408 897/4295/1408 936/4296/1408
f 900/4297/1409 939/4298/1409 937/4299/1409 898/4300/1409
f 940/4301/1410 901/4302/1410 899/4303/1410 938/4304/1410
f 942/4305/1411 903/4306/1411 901/4307/1411 940/4308/1411
f 902/4309/1412 941/4310/1412 943/4311/1412 904/4312/1412
f 946/4313/1413 939/4314/1413 900/4315/1413 907/4316/1413
f 948/4317/1414 909/4318/1414 908/4319/1414 947/4320/1414
f 912/4321/1415 903/4322/1415 942/4323/1415 951/4324/1415
f 943/4325/1416 904/4326/1416 913/4327/1416 952/4328/1416
f 914/4329/1417 953/4330/1417 954/4331/1417 915/4332/1417
f 953/4333/1418 914/4334/1418 912/4335/1418 951/4336/1418
f 915/4337/1419 954/4338/1419 952/4339/1419 913/4340/1419
f 955/4341/1420 924/4342/1420 885/4343/1420 916/4344/1420
f 886/4345/1421 925/4346/1421 956/4347/1421 917/4348/1421
f 918/4349/1422 919/4350/1422 958/4351/1422 957/4352/1422
f 884/4353/1423 886/4354/1423 885/4355/1423 887/4356/1423
f 882/4357/1424 887/4358/1424 885/4359/1424
f 889/4360/1425 881/4361/1425 883/4362/1425 890/4363/1425
f 882/4364/1426 881/4365/1426 889/4366/1426 887/4367/1426
f 884/4368/1427 887/4369/1427 888/4370/1427
f 893/4371/1428 891/4372/1428 892/4373/1428 894/4374/1428
f 891/4375/1429 893/4376/1429 889/4377/1429 890/4378/1429
f 894/4379/1430 892/4380/1430 888/4381/1430 887/4382/1430
f 893/4383/1431 894/4384/1431 887/4385/1431 889/4386/1431
f 895/4387/1432 881/4388/1432 882/4389/1432
f 896/4390/1433 897/4391/1433 881/4392/1433 895/4393/1433
f 897/4394/1434 898/4395/1434 883/4396/1434 881/4397/1434
f 899/4398/1435 897/4399/1435 896/4400/1435
f 899/4401/1436 900/4402/1436 898/4403/1436 897/4404/1436
f 903/4405/1437 904/4406/1437 902/4407/1437 901/4408/1437
f 901/4409/1438 902/4410/1438 905/4411/1438
f 910/4412/1439 908/4413/1439 909/4414/1439 911/4415/1439
f 906/4416/1440 907/4417/1440 900/4418/1440 899/4419/1440
f 906/4420/1441 899/4421/1441 901/4422/1441 905/4423/1441
f 908/4424/1442 910/4425/1442 905/4426/1442 902/4427/1442
f 911/4428/1443 909/4429/1443 907/4430/1443 906/4431/1443
f 910/4432/1444 911/4433/1444 906/4434/1444 905/4435/1444
f 913/4436/1445 904/4437/1445 903/4438/1445 912/4439/1445
f 914/4440/1446 915/4441/1446 913/4442/1446 912/4443/1446
f 885/4444/1447 886/4445/1447 917/4446/1447 916/4447/1447
f 919/4448/1448 918/4449/1448 916/4450/1448 917/4451/1448
f 958/4452/1449 919/4453/1449 917/4454/1449 956/4455/1449
f 918/4456/1450 957/4457/1450 955/4458/1450 916/4459/1450
f 924/4460/1451 925/4461/1451 923/4462/1451 926/4463/1451
f 926/4464/1452 921/4465/1452 924/4466/1452
f 922/4467/1453 920/4468/1453 928/4469/1453 929/4470/1453
f 928/4471/1454 920/4472/1454 921/4473/1454 926/4474/1454
f 926/4475/1455 923/4476/1455 927/4477/1455
f 931/4478/1456 930/4479/1456 932/4480/1456 933/4481/1456
f 928/4482/1457 932/4483/1457 930/4484/1457 929/4485/1457
f 927/4486/1458 931/4487/1458 933/4488/1458 926/4489/1458
f 926/4490/1459 933/4491/1459 932/4492/1459 928/4493/1459
f 920/4494/1460 934/4495/1460 921/4496/1460
f 920/4497/1461 936/4498/1461 935/4499/1461 934/4500/1461
f 922/4501/1462 937/4502/1462 936/4503/1462 920/4504/1462
f 936/4505/1463 938/4506/1463 935/4507/1463
f 937/4508/1464 939/4509/1464 938/4510/1464 936/4511/1464
f 941/4512/1465 943/4513/1465 942/4514/1465 940/4515/1465
f 941/4516/1466 940/4517/1466 944/4518/1466
f 948/4519/1467 947/4520/1467 949/4521/1467 950/4522/1467
f 939/4523/1468 946/4524/1468 945/4525/1468 938/4526/1468
f 940/4527/1469 938/4528/1469 945/4529/1469 944/4530/1469
f 944/4531/1470 949/4532/1470 947/4533/1470 941/4534/1470
f 946/4535/1471 948/4536/1471 950/4537/1471 945/4538/1471
f 945/4539/1472 950/4540/1472 949/4541/1472 944/4542/1472
f 942/4543/1473 943/4544/1473 952/4545/1473 951/4546/1473
f 952/4547/1474 954/4548/1474 953/4549/1474 951/4550/1474
f 956/4551/1475 925/4552/1475 924/4553/1475 955/4554/1475
f 955/4555/1476 957/4556/1476 958/4557/1476 956/4558/1476
f 961/4559/1477 959/4560/1477 960/4561/1477 962/4562/1477
f 964/4563/1478 963/4564/1478 965/4565/1478 966/4566/1478
f 960/4567/1479 959/4568/1479 963/4569/1479 964/4570/1479
f 965/4571/1480 961/4572/1480 962/4573/1480 966/4574/1480
f 963/4575/1481 959/4576/1481 961/4577/1481 965/4578/1481
f 962/4579/1482 960/4580/1482 964/4581/1482 966/4582/1482
f 969/4583/1483 967/4584/1483 968/4585/1483 970/4586/1483
f 972/4587/1484 971/4588/1484 973/4589/1484 974/4590/1484
f 968/4591/1485 967/4592/1485 971/4593/1485 972/4594/1485
f 973/4595/1486 969/4596/1486 970/4597/1486 974/4598/1486
f 971/4599/1487 967/4600/1487 969/4601/1487 973/4602/1487
f 970/4603/1488 968/4604/1488 972/4605/1488 974/4606/1488